city,asn,as_name,country_code,subdivision1_name,download_p50,upload_p50,latency_p50,loss_p50,sample_count,iqb_score
Bengaluru,55836,Reliance Jio Infocomm Limited,IN,Karnataka,29.408421708341148,4.4673425368118975,21.618,0.00015018751503022984,797624,0.75914
Lucknow,55836,Reliance Jio Infocomm Limited,IN,Uttar Pradesh,22.21177285853874,5.424208418324643,34.972,0.005064508745548998,711481,0.563645
Kolkata,55836,Reliance Jio Infocomm Limited,IN,West Bengal,28.08552995325202,5.867890649530906,50.49,0.0009590569037116241,676965,0.731362
Chennai,55836,Reliance Jio Infocomm Limited,IN,Tamil Nadu,29.59095338243461,7.821602685435703,17.719,0.0003061214493993489,651139,0.773028
Bengaluru,24560,"Bharti Airtel Ltd., Telemedia Services",IN,Karnataka,37.10687265829516,20.253113762634847,28.0,0.060557314069157354,606014,0.539521
New Delhi,24560,"Bharti Airtel Ltd., Telemedia Services",IN,National Capital Territory of Delhi,40.41315095123726,30.413317082907174,7.022,0.022491514438532034,598247,0.717042
Bengaluru,45609,Bharti Airtel Ltd. AS for GPRS Service,IN,Karnataka,32.91683873895296,3.4977280520447533,39.48,0.0006738213162866012,586505,0.75914
Delhi,55836,Reliance Jio Infocomm Limited,IN,National Capital Territory of Delhi,31.37086047681867,4.464080358191941,30.376,8.23446856478839e-05,559441,0.75914
Kanpur,55836,Reliance Jio Infocomm Limited,IN,Uttar Pradesh,21.11486875937331,4.657203962667715,46.924,0.006019333910936608,497498,0.549756
Chennai,24560,"Bharti Airtel Ltd., Telemedia Services",IN,Tamil Nadu,29.59709575318702,18.733085520297376,29.0,0.07115355813710336,495157,0.539521
Patna,55836,Reliance Jio Infocomm Limited,IN,Bihar,25.57000834762743,5.441239320192283,39.325,0.001674124682586291,486282,0.773028
Jaipur,55836,Reliance Jio Infocomm Limited,IN,Rajasthan,27.387217939176143,6.229501849273,34.109,0.0014706590562016172,475234,0.773028
Bengaluru,24309,Atria Convergence Technologies Pvt. Ltd.  Broadband Internet Service Provider INDIA,IN,Karnataka,76.87421854583191,47.837411330070935,9.559,0.018238901115801665,422775,0.717042
New Delhi,55836,Reliance Jio Infocomm Limited,IN,National Capital Territory of Delhi,29.117767622474744,6.1378084989534205,14.734,9.29638743503017e-05,387363,0.773028
Chennai,45609,Bharti Airtel Ltd. AS for GPRS Service,IN,Tamil Nadu,30.90911798197046,2.7216254274632874,37.364,0.0006453864105337949,378479,0.75914
New Delhi,45609,Bharti Airtel Ltd. AS for GPRS Service,IN,National Capital Territory of Delhi,37.792447879177914,3.299076425860076,17.93,0.00027891494865996136,332995,0.75914
Pune,55836,Reliance Jio Infocomm Limited,IN,Maharashtra,25.005250356588093,6.275103065208805,20.81,0.0008788983200622871,328486,0.773028
Pune,45609,Bharti Airtel Ltd. AS for GPRS Service,IN,Maharashtra,35.48334476897974,3.9857824905040777,31.0,0.0014333537649111226,325158,0.75914
Mumbai,55836,Reliance Jio Infocomm Limited,IN,Maharashtra,31.70009926986719,10.455402014823798,16.575,0.0002681814654201503,302480,0.822479
Agra,55836,Reliance Jio Infocomm Limited,IN,Uttar Pradesh,23.51172832321157,3.5608986538432306,29.346,0.00084743030576575,282828,0.630638
Dehradun,55836,Reliance Jio Infocomm Limited,IN,Uttarakhand,27.03052713534971,12.928634713652864,27.598,0.01003199913729145,267924,0.539521
Bhubaneswar,55836,Reliance Jio Infocomm Limited,IN,Odisha,27.93758727046077,4.320095900854452,44.203,0.0004330233007454428,261036,0.75914
Delhi,45609,Bharti Airtel Ltd. AS for GPRS Service,IN,National Capital Territory of Delhi,31.803831480764646,3.0385514258174626,20.166,0.00027153974590812715,251758,0.75914
Pune,24560,"Bharti Airtel Ltd., Telemedia Services",IN,Maharashtra,35.72952822506735,22.931824306655873,20.541,0.07197793157230452,247074,0.539521
Chennai,53813,"ZSCALER, INC.",IN,Tamil Nadu,29.798845766406114,8.856970552799103,1.442,0.0,244383,0.822048
Chicago,22616,"ZSCALER, INC.",US,Illinois,160.3115837946646,41.1241756209911,0.424,0.0,244221,1.0
Jaipur,24560,"Bharti Airtel Ltd., Telemedia Services",IN,Rajasthan,29.785865449471284,17.38280251732526,24.707,0.02026950485165374,242073,0.539521
Jaipur,45609,Bharti Airtel Ltd. AS for GPRS Service,IN,Rajasthan,42.99761111218333,4.972122906078148,29.17,0.00047033287736362355,236246,0.75914
Jakarta,23693,PT. Telekomunikasi Selular,ID,Jakarta,19.97012181825093,8.531044236453212,3.44,0.0,216570,0.693547
Ranchi,55836,Reliance Jio Infocomm Limited,IN,Jharkhand,26.421864175442344,7.62297500558614,49.441,0.004358230448317486,214890,0.773028
Chennai,24309,Atria Convergence Technologies Pvt. Ltd.  Broadband Internet Service Provider INDIA,IN,Tamil Nadu,81.10465742904157,57.52010995180859,4.0,0.006204000822836541,214532,0.919118
Jakarta,7713,PT Telekomunikasi Indonesia,ID,Jakarta,19.91868873861469,11.14276414335004,6.401,0.005613604574959564,208466,0.662115
Noida,24560,"Bharti Airtel Ltd., Telemedia Services",IN,Uttar Pradesh,43.04060341229482,38.56031377352119,6.76,0.019605025825627714,204731,0.717042
Casablanca,36925,MEDITELECOM,MA,Casablanca-Settat,15.215432426064908,5.035223393556476,45.852,0.059157400202907426,203024,0.361569
Jakarta,4761,INDOSAT Internet Network Provider,ID,Jakarta,7.79134306040942,9.78831481388704,27.613,0.026587575536966435,202195,0.219933
Salem,55836,Reliance Jio Infocomm Limited,IN,Tamil Nadu,29.546521780999615,2.956911470388298,25.767,1.4105137857791387e-05,199513,0.75914
Varanasi,55836,Reliance Jio Infocomm Limited,IN,Uttar Pradesh,21.766565277725725,2.3402339542788906,32.512,0.00046701802198684863,195288,0.630638
Belgrade,8400,TELEKOM SRBIJA a.d.,RS,Belgrade,37.83538871705279,9.7606652258134,15.076,0.00011079380702715525,186974,0.773028
Tunis,37705,TOPNET,TN,Tunis Governorate,12.945533565719844,2.5671784105655395,41.139,0.03664336582472757,178919,0.34768
Delhi,24560,"Bharti Airtel Ltd., Telemedia Services",IN,National Capital Territory of Delhi,44.31010275994481,36.68587113854369,6.429,0.017057852383063694,170344,0.717042
Lucknow,45609,Bharti Airtel Ltd. AS for GPRS Service,IN,Uttar Pradesh,39.51331008899735,4.2411728265124955,31.639,0.002635668887805289,170228,0.75914
Guwahati,55836,Reliance Jio Infocomm Limited,IN,Assam,25.117929392234196,4.768458900643873,51.278,0.0009155261923911222,169499,0.717473
Meerut,45609,Bharti Airtel Ltd. AS for GPRS Service,IN,Uttar Pradesh,42.63973250603185,5.023658434390959,26.557,0.000756315646690982,168784,0.773028
Mumbai,45609,Bharti Airtel Ltd. AS for GPRS Service,IN,Maharashtra,28.222442865938543,3.9192418943522043,19.686,0.001159857927578064,166345,0.75914
Quezon City,17639,Converge ICT Solutions Inc.,PH,Metro Manila,87.74404092145268,45.74502795135186,32.0,0.01181083821927512,165948,0.668022
Kolkata,24560,"Bharti Airtel Ltd., Telemedia Services",IN,West Bengal,28.06041754672014,16.92056747375779,63.542,0.06605561239220739,164978,0.497854
Gurugram,24560,"Bharti Airtel Ltd., Telemedia Services",IN,Haryana,41.575186022206985,35.5957690576292,6.05,0.025833455730691145,163468,0.717042
Ranchi,24560,"Bharti Airtel Ltd., Telemedia Services",IN,Jharkhand,28.5466337976814,17.676864164054876,74.0,0.042557257066126265,163431,0.497854
Belgrade,44143,Vip mobile d.o.o.,RS,Belgrade,27.0592930344194,8.999986400239356,31.834,0.0,160576,0.773028
Johannesburg,37105,Neology (Pty) Ltd,ZA,Gauteng,15.489106896231089,2.8508453325485354,15.45,0.002438060831438146,160390,0.630638
Delhi,133982,Excitel Broadband Private Limited,IN,National Capital Territory of Delhi,74.36951099585822,40.78816784676014,18.389,0.0058994454342618475,159899,0.870098
Melbourne,1221,Telstra Pty Ltd,AU,Victoria,53.12707390284628,12.27836559821041,11.954,0.0,159378,0.822479
New York,22616,"ZSCALER, INC.",US,New York,142.943790028881,40.265565248034186,1.167,0.0,157013,1.0
Tunis,327934,SOCIETE NATIONALE DES TELECOMMUNICATIONS (Tunisie Telecom),TN,Tunis Governorate,17.223055551556854,6.604155315306415,31.964,0.011882463770649044,147450,0.361569
Chandigarh,24560,"Bharti Airtel Ltd., Telemedia Services",IN,Chandigarh,29.630428808186515,18.96576399795133,38.688,0.04683240816388861,140086,0.539521
São Paulo,18881,TELEFÔNICA BRASIL S.A,BR,São Paulo,196.4527745881064,108.01330222441064,4.67,0.0013787421525183552,136155,1.0
Panipat,55836,Reliance Jio Infocomm Limited,IN,Haryana,27.49592239949629,3.9282272038553168,25.141,0.00032298629247512153,135843,0.75914
Manila,14593,Space Exploration Technologies Corporation,PH,Metro Manila,11.357206151063236,4.216880918054806,25.069,0.035489353551761416,135223,0.34768
Cebu City,9299,Philippine Long Distance Telephone Company,PH,Central Visayas,33.85196002551903,17.482789021714968,76.952,0.03566926203251005,134081,0.497854
Nairobi,33771,Safaricom Limited,KE,Nairobi County,14.58398099794046,8.182368689578007,9.901,0.03835029311493532,128807,0.410589
Casablanca,36903,Office National des Postes et Telecommunications ONPT (Maroc Telecom) / IAM,MA,Casablanca-Settat,28.995244548135997,20.639651937229107,48.898,0.03241879187511018,128186,0.539521
Mumbai,24560,"Bharti Airtel Ltd., Telemedia Services",IN,Maharashtra,36.731252274344754,24.05459149323761,16.223,0.05895715746833635,123118,0.539521
Berlin,3209,Vodafone GmbH,DE,State of Berlin,65.07786079728662,16.78258477442735,17.669,0.0,122427,0.822479
Quezon City,9299,Philippine Long Distance Telephone Company,PH,Metro Manila,40.10688539079212,24.220399441939644,60.538,0.03972314232882618,120126,0.497854
Kolkata,45609,Bharti Airtel Ltd. AS for GPRS Service,IN,West Bengal,44.06650478684752,5.850101199190407,69.683,0.0005505028773500674,119780,0.731362
Jakarta,63859,PT. Eka Mas Republik,ID,Jakarta,22.34808994314797,22.268075249719224,29.158,0.03212273945781405,118019,0.41102
Miami,22616,"ZSCALER, INC.",US,Florida,219.26565958045697,39.084974376476936,0.18,0.0,116522,1.0
Lagos,29465,MTN NIGERIA Communication limited,NG,Lagos,9.701558269571668,4.904068998867645,20.701,0.0013336726009247966,116319,0.489002
Lucknow,24560,"Bharti Airtel Ltd., Telemedia Services",IN,Uttar Pradesh,28.724517574949985,18.68756157492611,20.194,0.0617744528155431,115931,0.539521
New Delhi,133982,Excitel Broadband Private Limited,IN,National Capital Territory of Delhi,77.09950575841407,44.50996999153043,14.0,0.01183520635445353,115673,0.668022
Marrakesh,36903,Office National des Postes et Telecommunications ONPT (Maroc Telecom) / IAM,MA,Marrakesh-Safi,21.859077312732882,12.741115164491918,56.251,0.015646654562767648,114167,0.369353
Chicago,7922,"Comcast Cable Communications, LLC",US,Illinois,163.64234567330962,34.98724703975565,7.572,5.872989154327687e-05,113588,1.0
Bandung,23693,PT. Telekomunikasi Selular,ID,West Java,18.99220097783347,8.215899900242633,7.466,0.0004578805165651388,112486,0.693547
New Delhi,53813,"ZSCALER, INC.",IN,National Capital Territory of Delhi,29.17062548744083,7.935019492412284,1.943,0.0,110346,0.822048
Prayagraj,24560,"Bharti Airtel Ltd., Telemedia Services",IN,Uttar Pradesh,29.292207386541115,17.5022113071251,35.826,0.029553590754565633,109934,0.539521
Berlin,6805,Telefonica Germany GmbH & Co.OHG,DE,State of Berlin,30.853071896862286,10.931251761873414,30.206,0.00010120365266439761,108373,0.822479
São Paulo,28573,CLARO S.A.,BR,São Paulo,60.05771442924727,29.610627636827545,17.141,0.0008955443204329666,108240,0.95098
Tunis,37693,OOREDOO TUNISIE SA,TN,Tunis Governorate,14.40774176189743,6.109229829712695,26.996,0.0005634097076006367,108150,0.644527
Belgrade,15958,Telenor d.o.o. Beograd,RS,Belgrade,86.93915182077377,19.843444956555043,0.452,0.00037012543091949796,107434,0.871499
Mumbai,53813,"ZSCALER, INC.",IN,Maharashtra,26.19582029513088,9.019096107893734,1.519,0.0,106791,0.822048
Hamburg,6805,Telefonica Germany GmbH & Co.OHG,DE,Hamburg,24.743099319756734,9.943891696982647,29.719,3.390509012192984e-05,104899,0.644527
Jakarta,24203,PT Excelcomindo Pratama (Network Access Provider),ID,Jakarta,12.324999776151877,6.682950687640255,21.143,0.0035043357912891504,104269,0.644527
Istanbul,47331,TTNet A.S.,TR,Istanbul,36.524767863776496,11.9818281998898,69.964,0.04779954555058643,104090,0.497854
Berlin,14593,Space Exploration Technologies Corporation,DE,State of Berlin,79.40765161427443,9.149875045883503,30.32,0.010385526948927564,103550,0.49007
Melbourne,4804,Microplex PTY LTD,AU,Victoria,53.14111151647232,14.698339270296524,11.423,5.8101318145285634e-05,102687,0.822479
Bareilly,55836,Reliance Jio Infocomm Limited,IN,Uttar Pradesh,23.70256968289074,4.296522501645235,22.117,0.0005619767736628363,101863,0.630638
Toronto,577,Bell Canada,CA,Ontario,137.54993881492047,59.563639556293715,9.283,0.0005724623831617063,99561,1.0
Chandīgarh,55836,Reliance Jio Infocomm Limited,IN,Haryana,24.44057905006732,3.8067714799269026,49.212,0.0035744153049622734,99474,0.630638
Rome,3269,Telecom Italia S.p.a.,IT,Lazio,54.246999427033806,19.887616138233433,34.023,0.002632572793214799,98515,0.822479
Melbourne,7545,TPG Internet Pty Ltd,AU,Victoria,86.00901836101343,25.853771831642522,6.874,8.786534361511785e-05,97949,1.0
Patna,45609,Bharti Airtel Ltd. AS for GPRS Service,IN,Bihar,44.26950082248846,5.242066699186465,81.169,0.00537779539185313,96947,0.650479
Siliguri,55836,Reliance Jio Infocomm Limited,IN,West Bengal,25.0627475078299,5.509469553414345,44.691,0.003909055184140971,96637,0.773028
Toronto,812,Rogers Communications Canada Inc.,CA,Ontario,69.2325695715519,12.421135045008336,31.791,0.00016391297597333443,96215,0.822479
Patna,24560,"Bharti Airtel Ltd., Telemedia Services",IN,Bihar,30.60748699760403,19.375684310629477,64.424,0.0443794024621298,95978,0.497854
Seattle,22616,"ZSCALER, INC.",US,Washington,145.73296372957876,41.420752368549884,0.218,0.0,95919,1.0
Karnāl,55836,Reliance Jio Infocomm Limited,IN,Haryana,23.823524841405444,6.730964811166859,42.791,0.00791555725642508,95318,0.563645
Davao City,9299,Philippine Long Distance Telephone Company,PH,Davao Region,35.182699005647585,17.496677156313403,87.389,0.041375075637023945,95209,0.497854
Prayagraj,55836,Reliance Jio Infocomm Limited,IN,Uttar Pradesh,32.57370091155891,2.4156881788161026,26.598,6.913928578280385e-05,93884,0.75914
Vienna,25255,Hutchison Drei Austria GmbH,AT,Vienna,44.80466096339163,10.64667252486702,25.472,2.119233313863298e-05,93376,0.822479
Hamburg,3209,Vodafone GmbH,DE,Hamburg,50.552737956972706,11.811009234861476,11.245,0.0,92878,0.822479
Chennai,17488,Hathway IP Over Cable Internet,IN,Tamil Nadu,69.18002160020846,45.21597527041484,4.405,0.000215868169309003,92003,1.0
Vienna,8412,T-Mobile Austria GmbH,AT,Vienna,71.92250769821209,21.601009449035733,19.368,0.0021614360922017194,90846,0.822479
Berlin,3320,Deutsche Telekom AG,DE,State of Berlin,55.61897268429367,20.7901330172285,20.542,0.00040134845139321056,90736,0.822479
Casablanca,36884,Wana Corporate,MA,Casablanca-Settat,10.21657452307095,2.401456841685064,45.222,0.04247071711468779,89992,0.34768
Tunis,37492,Orange Tunisie,TN,Tunis Governorate,10.950967972270963,4.113494924287552,45.218,0.010596430992368922,89457,0.34768
São Paulo,14593,Space Exploration Technologies Corporation,BR,São Paulo,38.93313787595089,3.9011849830086,124.604,0.019698846847207175,89071,0.270138
Guntur,55836,Reliance Jio Infocomm Limited,IN,Andhra Pradesh,29.420461796180962,4.001117999441,29.786,3.818126069579708e-05,86599,0.75914
Chicago,21928,"T-Mobile USA, Inc.",US,Illinois,79.24393713181846,13.032759766776442,23.967,5.53828978421155e-06,85295,0.822479
Istanbul,12735,TurkNet Iletisim Hizmetleri A.S,TR,Istanbul,66.44257621313785,19.516021076993702,50.089,0.020353927710362534,85048,0.497854
Jakarta,17451,BIZNET NETWORKS,ID,Jakarta,33.68451527640892,23.56903007667592,6.623,0.0005853990330694701,84209,0.871499
Thoothukudi,55836,Reliance Jio Infocomm Limited,IN,Tamil Nadu,32.35823317417687,3.3434558201032276,28.09,0.0,83681,0.75914
Agadir,36903,Office National des Postes et Telecommunications ONPT (Maroc Telecom) / IAM,MA,Souss-Massa,16.89086247224901,11.685716142695586,58.38,0.012889103346238684,83042,0.369353
Istanbul,9121,Turk Telekomunikasyon Anonim Sirketi,TR,Istanbul,25.98843751228028,8.622925124741764,63.0,0.050147526143753715,83028,0.448404
Kolkata,23860,Alliance Broadband Services Pvt. Ltd.,IN,West Bengal,41.794820744023674,31.378319131400495,54.3,0.05794371719549891,82711,0.626356
Istanbul,34984,TELLCOM ILETISIM HIZMETLERI A.S.,TR,Istanbul,36.189486754764545,9.13867554539995,69.277,0.019200671383203104,81181,0.448404
Visakhapatnam,24560,"Bharti Airtel Ltd., Telemedia Services",IN,Andhra Pradesh,34.351112534653424,20.770547612702988,22.056,0.09021593412283772,80127,0.539521
Manila,9299,Philippine Long Distance Telephone Company,PH,Metro Manila,41.12413010927369,23.1584679923757,62.972,0.02774031593322689,79285,0.497854
Rome,30722,Vodafone Italia S.p.A.,IT,Lazio,46.49609814781938,15.124306928277326,24.929,0.0,78747,0.822479
Rabat,36903,Office National des Postes et Telecommunications ONPT (Maroc Telecom) / IAM,MA,Rabat-Salé-Kénitra,26.80840715905868,20.022668102679805,48.937,0.03456865777148806,78520,0.539521
San Jose,7922,"Comcast Cable Communications, LLC",US,California,173.1111491389376,37.35021501930199,8.411,3.987568706760474e-05,78236,1.0
Los Angeles,20001,Time Warner Cable Internet LLC,US,California,177.56916115045155,20.707670351366442,9.635,0.00016662346448430323,78184,0.871499
Bandung,4761,INDOSAT Internet Network Provider,ID,West Java,11.399666425574344,8.981824854415338,22.771,0.01851135186911853,77684,0.361569
Visakhapatnam,55836,Reliance Jio Infocomm Limited,IN,Andhra Pradesh,28.198622541009005,4.147345749512226,32.146,0.00011407090979106777,77644,0.75914
Mexico City,14593,Space Exploration Technologies Corporation,MX,Mexico City,13.044151648034743,3.1113036299670265,76.053,0.03569053294825814,77240,0.306013
Varanasi,24560,"Bharti Airtel Ltd., Telemedia Services",IN,Uttar Pradesh,23.989954332033733,13.168184789296179,34.47,0.026367998416559325,76800,0.41102
Lagos,36873,Airtel Networks Limited,NG,Lagos,9.97669926289995,4.4697790297660065,114.309,0.020158589448416486,76397,0.0
Hyderabad,55836,Reliance Jio Infocomm Limited,IN,Telangana,28.296559690390236,25.44629286416125,24.998,0.04325752927771523,76356,0.668022
Los Angeles,22616,"ZSCALER, INC.",US,California,136.11572230646252,40.83166463898196,0.36,0.0,75723,1.0
Bengaluru,133982,Excitel Broadband Private Limited,IN,Karnataka,85.54531168569893,48.27725719565645,10.468,0.008918244846349968,75410,0.870098
Jodhpur,55836,Reliance Jio Infocomm Limited,IN,Rajasthan,29.150821070078397,5.358916110611725,44.985,0.00024038368423243118,74966,0.773028
Reston,22616,"ZSCALER, INC.",US,Virginia,135.3148732979765,41.387674972550386,0.616,0.0,74941,1.0
Kota,55836,Reliance Jio Infocomm Limited,IN,Rajasthan,25.147018238693903,4.515976464851778,38.348,0.00024528502652254445,74441,0.75914
Fes,36903,Office National des Postes et Telecommunications ONPT (Maroc Telecom) / IAM,MA,Fès-Meknès,13.13369416322269,4.678465825977982,55.284,0.017080330931411796,73051,0.306013
London,201838,Community Fibre Limited,GB,England,161.7814305955322,139.75599669801485,3.912,5.1701803103860946e-06,72987,1.0
Bhubaneswar,24560,"Bharti Airtel Ltd., Telemedia Services",IN,Odisha,29.284133031226702,19.43556200261638,48.0,0.06658351434540279,72295,0.539521
Nellore,55836,Reliance Jio Infocomm Limited,IN,Andhra Pradesh,35.5497079065309,1.8864140238360494,25.555,0.0,72158,0.75914
Dimāpur,24560,"Bharti Airtel Ltd., Telemedia Services",IN,Nagaland,21.285881451959053,5.982210233800556,68.678,0.02999135144388896,72048,0.319902
Bekasi,7713,PT Telekomunikasi Indonesia,ID,West Java,19.355908843970223,11.563240852767992,7.441,0.005519272339134808,71461,0.662115
Munich,3209,Vodafone GmbH,DE,Bavaria,52.85264002079938,14.077535521839783,14.99,0.0,70327,0.822479
Vienna,8447,A1 Telekom Austria AG,AT,Vienna,34.1885391169706,10.182614452900122,26.958,0.000793799447656946,69708,0.822479
Sydney,1221,Telstra Pty Ltd,AU,New South Wales,52.71280523864217,11.831807184879032,12.326,0.0,68484,0.822479
Rome,1267,Wind Telecomunicazioni SpA,IT,Lazio,30.80390732333182,10.694235797991434,26.781,0.00014964126261421908,67681,0.822479
Delhi,132116,Ani Network Pvt Ltd,IN,National Capital Territory of Delhi,64.47882616430367,34.8049589200664,6.0,0.018944654436857656,67287,0.717042
Denver,7922,"Comcast Cable Communications, LLC",US,Colorado,177.47719600447468,36.18060763752966,7.438,9.934323237722181e-05,66975,1.0
Buenos Aires,14593,Space Exploration Technologies Corporation,AR,Buenos Aires F.D.,30.626082855913793,5.434730711129648,23.804,0.009622892654219879,66638,0.692146
New York,12271,Time Warner Cable Internet LLC,US,New York,226.77290754744263,18.472919638559205,6.416,0.0004584013223261767,66460,0.871499
Manila,17639,Converge ICT Solutions Inc.,PH,Metro Manila,77.97668424248388,36.559908616356395,33.094,0.020484539164706914,65730,0.668022
Cairo,8452,TE-AS,EG,Cairo Governorate,12.054711602720964,1.683981108754255,84.333,0.03118410153207058,65708,0.306013
Melbourne,38195,Superloop,AU,Victoria,128.22002669532702,37.34344778456219,5.751,0.00016819590921278197,65343,1.0
Dublin,13280,Three Ireland (Hutchison) limited,IE,Leinster,24.93404245730813,6.700858973980803,20.868,0.00030569869733604397,64890,0.644527
Udaipur,55836,Reliance Jio Infocomm Limited,IN,Rajasthan,20.50238510143106,6.633714813424086,40.138,0.007274766193902711,64823,0.563645
Hamburg,3320,Deutsche Telekom AG,DE,Hamburg,50.35057835057835,18.121267866053472,14.89,0.0,64401,0.822479
Chennai,9829,National Internet Backbone,IN,Tamil Nadu,8.05777459518469,0.8879667377645184,44.653,0.01574956461540126,63863,0.206044
Madrid,3352,TELEFONICA DE ESPANA,ES,Madrid,92.89671097230232,66.29658623570332,6.639,0.0001547086177097604,63255,1.0
São Paulo,26599,TELEFÔNICA BRASIL S.A,BR,São Paulo,43.32878388003603,11.018497194565992,15.514,0.00042721842781055254,63003,0.822479
Bengaluru,9829,National Internet Backbone,IN,Karnataka,27.888942994763195,8.352437098444062,22.85,0.005665592054404697,62860,0.692146
Melbourne,4764,Aussie Broadband,AU,Victoria,97.24270152400882,30.14208668848792,6.257,0.0004710648311730184,62785,1.0
Boston,22616,"ZSCALER, INC.",US,Massachusetts,84.96360078551591,39.130095333744094,5.765,0.0,62416,1.0
Tangerang,63859,PT. Eka Mas Republik,ID,Banten,48.27736721936043,46.76809544785683,35.211,0.002209771949033611,62109,0.95098
Melbourne,9443,Primus Telecommunications,AU,Victoria,76.27049818828982,19.564928308082752,7.283,2.568019092521584e-06,61856,0.871499
Milan,14593,Space Exploration Technologies Corporation,IT,Lombardy,80.35703809904835,12.256204700724789,19.872,0.007547430913695521,60719,0.741597
Brooklyn,701,"MCI Communications Services, Inc. d/b/a Verizon Business",US,Maryland,236.95127624165835,95.3917873731402,4.947,0.003582157728394629,60382,1.0
Rome,12874,Fastweb SpA,IT,Lazio,47.4307983259786,17.290499553768964,27.193,0.00024953658163068775,60351,0.822479
Berlin,8881,1&1 Versatel Deutschland GmbH,DE,State of Berlin,35.527756963171456,10.635710336760678,32.15,0.0,60296,0.822479
Dubai,15802,Emirates Integrated Telecommunications Company PJSC (EITC-DU),AE,Dubai,57.42878456814485,22.72285980696303,26.977,0.00195817770280214,60226,0.822479
Bokaro,55836,Reliance Jio Infocomm Limited,IN,Jharkhand,27.760313946221995,4.515821153894997,44.899,0.0005445366565669524,59386,0.75914
Perth,1221,Telstra Pty Ltd,AU,Western Australia,47.89943626445236,10.919143231426657,11.802,1.1739926745997055e-05,59314,0.822479
City of London,14593,Space Exploration Technologies Corporation,GB,England,87.2627370651358,10.091523377641032,21.0,0.0072849963452697305,58906,0.741597
Calgary,852,TELUS Communications Inc.,CA,Alberta,121.87758001480722,62.919096428420715,3.986,0.0006473317115640051,58855,1.0
Munich,3320,Deutsche Telekom AG,DE,Bavaria,48.009834859243995,16.025092687082907,22.409,9.083351133560339e-05,58803,0.822479
Faridabad,24560,"Bharti Airtel Ltd., Telemedia Services",IN,Haryana,52.73591917155054,39.61803950768543,6.0,0.019911954083816814,58741,0.717042
Sydney,7545,TPG Internet Pty Ltd,AU,New South Wales,81.97198914068969,24.182976123337763,6.908,0.00026517774274812533,58512,0.871499
Houston,7922,"Comcast Cable Communications, LLC",US,Texas,143.72991911143305,35.995830855449626,12.036,0.00016884349032256392,58312,0.95098
San Francisco,7922,"Comcast Cable Communications, LLC",US,California,163.64028744587003,33.40440709012661,8.232,4.07544584367967e-05,58041,1.0
Pretoria,29975,Vodacom,ZA,Gauteng,24.089919311124532,3.529400894156781,2.757,0.0,57749,0.679658
Kolkata,9829,National Internet Backbone,IN,West Bengal,11.676747611098794,1.671375432565743,67.0,0.011808466322351371,57678,0.306013
Jamshedpur,55836,Reliance Jio Infocomm Limited,IN,Jharkhand,21.812060220821667,2.9187550548099392,59.023,0.00017917616832611872,57648,0.588971
Yogyakarta,23693,PT. Telekomunikasi Selular,ID,Yogyakarta,20.257817495015058,9.34024571743485,14.0,0.015636097154795477,57620,0.361569
Queens,701,"MCI Communications Services, Inc. d/b/a Verizon Business",US,New York,218.2740362515548,86.44478965229686,4.771,0.0037606664296177595,57572,1.0
Ranchi,45609,Bharti Airtel Ltd. AS for GPRS Service,IN,Jharkhand,48.012659327527686,5.61311006954052,68.588,0.005123845975237496,57537,0.650479
Nairobi,36926,Airtel Networks Kenya Limited,KE,Nairobi County,6.971708608458986,3.619805751186443,22.931,0.0494224125094682,57504,0.206044
Dublin,6830,Liberty Global Operations B.V.,IE,Leinster,165.00584882336554,42.77245616345577,6.915,7.001351139328656e-05,56573,1.0
Seattle,7922,"Comcast Cable Communications, LLC",US,Washington,133.94850089932842,35.82405273410157,9.459,0.000362396666194299,56528,1.0
São Paulo,26615,Tim Celular S.A.,BR,São Paulo,54.00002180001526,19.700679646280346,11.742,0.00043231236359619397,56118,0.822479
Jakarta,45700,Open Akamai Indonesia,ID,Jakarta,8.252714714479051,4.246710302962425,37.78,0.0642316332212045,55871,0.206044
Morādābād,55836,Reliance Jio Infocomm Limited,IN,Uttar Pradesh,23.59515551641749,3.4680470093563924,22.582,0.00027609438976950243,55796,0.630638
Leipzig,6805,Telefonica Germany GmbH & Co.OHG,DE,Saxony,18.48052241945495,7.023722861302658,37.339,0.0,55650,0.644527
Noida,55836,Reliance Jio Infocomm Limited,IN,Uttar Pradesh,30.191796394158388,25.279408945672525,29.703,0.02836156656092988,55191,0.668022
Houston,7018,"AT&T Services, Inc.",US,Mississippi,155.9097631881679,87.69533084914352,9.258,0.00016251242327628803,55125,1.0
Mandaue City,10139,"Smart Broadband, Inc.",PH,Central Visayas,7.028324280579624,1.2494945378892839,89.431,0.0009904892959785561,54844,0.447335
Nairobi,37061,Safaricom Limited,KE,Nairobi County,7.661242988094817,6.488544188088723,14.314,0.08175190723868536,54700,0.219933
Mathura,24560,"Bharti Airtel Ltd., Telemedia Services",IN,Uttar Pradesh,17.237528659783695,6.743347656652343,29.125,0.03567560146109292,54550,0.361569
Chicago,14593,Space Exploration Technologies Corporation,US,Illinois,95.83998204321344,9.920548702145078,19.842,0.01059317091006564,54421,0.49007
Philadelphia,21928,"T-Mobile USA, Inc.",US,Pennsylvania,84.1802326013078,11.218621409052803,19.508,0.00017495763249031706,54360,0.822479
Mumbai,38266,Vodafone India Ltd.,IN,Maharashtra,16.296696910121423,3.392544270605734,83.155,0.005283690944589968,54187,0.508089
Stuttgart,3320,Deutsche Telekom AG,DE,Baden-Wurttemberg,39.92794295288307,13.059817764373655,24.015,0.0002997376512265223,53935,0.822479
Bhubaneswar,45609,Bharti Airtel Ltd. AS for GPRS Service,IN,Odisha,44.70479416753516,5.196052609868476,57.135,0.0043631033850364065,53551,0.731362
New Delhi,18209,Atria Convergence Technologies pvt ltd,IN,National Capital Territory of Delhi,75.86988510890954,46.49739468895097,6.665,0.03446780797284469,53499,0.717042
Agra,24560,"Bharti Airtel Ltd., Telemedia Services",IN,Uttar Pradesh,26.3427275242941,15.16653971711099,23.45,0.06646050571996327,53265,0.539521
Montreal,5769,Videotron Telecom Ltee,CA,Quebec,96.05982842906374,30.19062331004867,7.946,0.00011487747924995632,52719,1.0
Milan,3269,Telecom Italia S.p.a.,IT,Lombardy,65.74761170579387,33.46582567486272,23.927,0.0012025654573172056,52321,0.95098
Miami,7922,"Comcast Cable Communications, LLC",US,Florida,190.19736343171465,38.9105037852618,7.075,4.068348250610252e-05,52208,1.0
Jodhpur,24560,"Bharti Airtel Ltd., Telemedia Services",IN,Rajasthan,29.426624982800604,17.645004275465368,29.603,0.014480626344649927,52153,0.539521
Mumbai,394089,Oahu Publications,IN,Maharashtra,28.016250829481088,8.952008966070048,10.124,0.0011427138869026625,51790,0.773028
Johannesburg,37611,Afrihost (Pty) Ltd,ZA,Gauteng,27.053975679625747,19.989991701747673,5.679,0.0064574255781702115,51566,0.790616
Queens,12271,Time Warner Cable Internet LLC,US,New York,192.73708526014278,17.323167556125505,7.378,0.00028603502557662504,51438,0.871499
Bengaluru,17488,Hathway IP Over Cable Internet,IN,Karnataka,71.26835132471457,39.936444077071734,8.972,0.00018412208947071984,51228,1.0
New York,701,"MCI Communications Services, Inc. d/b/a Verizon Business",US,New York,264.17226839457953,116.57946007564641,4.756,0.004628245310738575,51197,1.0
Kolkata,38266,Vodafone India Ltd.,IN,West Bengal,12.21247317533342,3.1985066484064144,170.747,0.013805442485135907,50955,0.141636
Belgrade,31042,Serbia BroadBand-Srpske Kablovske mreze d.o.o.,RS,Belgrade,77.77021196088947,22.205065423444726,6.0,0.0008158329394622352,50726,0.871499
Paris,12322,Free SAS,FR,Île-de-France,172.4832813654937,105.83069777116017,6.023,2.6097456562948588e-05,50416,1.0
Naples,1267,Wind Telecomunicazioni SpA,IT,Campania,31.197348753473353,10.403803515179805,65.858,0.0009752175866368349,50322,0.780812
Buenos Aires,7303,Telecom Argentina S.A.,AR,Buenos Aires,100.6558072148829,29.7049135411745,5.95,7.954779932771123e-05,50163,1.0
Chicago,7018,"AT&T Services, Inc.",US,Illinois,108.55365512037781,26.271242971541575,6.227,1.3487689980022923e-05,50007,1.0
Paranaque City,17639,Converge ICT Solutions Inc.,PH,Metro Manila,86.3245851392777,47.08373489277193,31.991,0.015429149627606626,49888,0.668022
Munich,6805,Telefonica Germany GmbH & Co.OHG,DE,Bavaria,41.50705339270395,17.648481750334323,18.571,0.0002058771091650022,49774,0.822479
Montreal,577,Bell Canada,CA,Quebec,114.25258038506333,51.1593387401335,14.778,0.0008343928077445008,49579,0.95098
Istanbul,16135,TURKCELL ILETISIM HIZMETLERI A.S.,TR,Istanbul,17.424999007484427,6.767137447846658,81.0,0.0008228879011483515,49324,0.60286
Calgary,6327,Shaw Communications Inc.,CA,Alberta,188.54379863487372,64.35535741124079,27.248,8.263920868448909e-05,48820,0.95098
Ancol,4761,INDOSAT Internet Network Provider,ID,Jakarta,15.093072442091453,16.17602250990253,18.732,0.026184383061158945,48761,0.41102
Chennai,24186,RailTel Corporation is an Internet Service Provider. It has one of,IN,Tamil Nadu,33.210951161169696,24.47998254408204,15.571,0.08097814603258177,48735,0.539521
Naples,30722,Vodafone Italia S.p.A.,IT,Campania,46.591155545729784,13.688526154085537,48.312,0.0,48686,0.822479
Perth,7545,TPG Internet Pty Ltd,AU,Western Australia,66.80338252543933,19.67471425310235,5.833,0.00024256198427283037,48310,0.871499
Ahmedabad,24560,"Bharti Airtel Ltd., Telemedia Services",IN,Gujarat,38.07702900157487,28.487891511398097,19.0,0.06761378666413748,48284,0.668022
Mumbai,17665,AS Number of Indusind Media and communication Ltd.,IN,Maharashtra,32.29525981400757,29.895049025190687,18.134,0.005205246428766406,47847,0.870098
Chennai,55256,Netskope Inc,IN,Tamil Nadu,47.98822025516699,9.842532692856151,1.09,0.0010845399158174555,47765,0.822048
Hanover,6805,Telefonica Germany GmbH & Co.OHG,DE,Lower Saxony,18.377197464687274,5.684213578787114,31.821,0.0,47200,0.644527
Sydney,4804,Microplex PTY LTD,AU,New South Wales,53.12825281623007,13.20665442631501,13.098,5.628041470897358e-05,47183,0.822479
Lahug,132199,Globe Telecom Inc.,PH,Central Visayas,19.21420285698226,11.313807999977602,68.755,0.04027101223145712,47119,0.369353
Madrid,12430,VODAFONE ESPANA S.A.U.,ES,Madrid,65.03411263155617,43.82342919118178,12.707,0.0003990952698646245,46827,0.95098
Osaka,2516,KDDI CORPORATION,JP,Osaka,34.46077297145748,6.412697765111744,28.452,0.0,46699,0.773028
Bānda,24560,"Bharti Airtel Ltd., Telemedia Services",IN,Uttar Pradesh,24.429026913088144,13.095567887672955,34.281,0.013994262924046912,46609,0.41102
Philadelphia,7922,"Comcast Cable Communications, LLC",US,Pennsylvania,119.34123744927761,33.77886333392131,11.623,0.0009166889619556144,46494,0.95098
Lisbon,12353,Vodafone Portugal - Communicacoes Pessoais S.A.,PT,Lisbon,91.15941142740215,66.68115196564678,8.803,0.0001270128885374684,46163,1.0
São Paulo,27699,TELEFÔNICA BRASIL S.A,BR,São Paulo,93.69003259059208,74.16494698356234,8.0,0.0028188160972391595,45990,1.0
Johannesburg,37457,Telkom SA Ltd.,ZA,Gauteng,7.035410050564693,3.134770460654662,19.845,0.001005935509896621,45908,0.489002
Bandung,7713,PT Telekomunikasi Indonesia,ID,West Java,10.727611553242633,6.972552821957742,10.798,0.01644813003187581,45852,0.361569
Lucena City,10139,"Smart Broadband, Inc.",PH,Calabarzon,3.7792050285165226,1.0408561371497684,77.887,0.006714236592186315,45847,0.366453
Madrid,15704,XTRA TELECOM S.A.,ES,Madrid,86.49518065174172,58.156204446003755,12.308,0.0002462361682428766,45760,0.95098
Karnāl,24560,"Bharti Airtel Ltd., Telemedia Services",IN,Haryana,29.269858200352765,18.460938220306595,36.135,0.0500701114965176,45667,0.539521
Auckland,135047,Dimension Data New Zealand Limited,NZ,Auckland,51.34943671237249,19.541816264751812,13.947,0.0,45629,0.822479
Chicago,55256,Netskope Inc,US,Illinois,114.63793584440896,22.39660854093772,1.569,0.00036814569996281076,45601,0.871499
Abuja,29465,MTN NIGERIA Communication limited,NG,FCT,10.892068107134522,7.304334053212388,35.186,0.0004712817830987604,45516,0.644527
Rabat,36925,MEDITELECOM,MA,Rabat-Salé-Kénitra,9.898264824765173,1.120097547327483,47.703,0.05881367532821841,45331,0.206044
Madrid,57269,DIGI SPAIN TELECOM S.L.U.,ES,Madrid,103.13046125035822,79.07226488203452,9.035,0.0009911469225345796,45163,1.0
Dubai,5384,Emirates Telecommunications Corporation,AE,Dubai,39.45602962160632,19.615352446391896,20.863,0.021320276705266535,44848,0.539521
Brooklyn,6128,Cablevision Systems Corp.,US,New York,212.39424947846075,20.61224648978159,8.157,0.0034676992893770933,44708,0.871499
Vancouver,852,TELUS Communications Inc.,CA,British Columbia,108.16074275443816,62.60406078832832,9.145,0.0006978491689202899,44651,1.0
Orlando,33363,"BRIGHT HOUSE NETWORKS, LLC",US,Florida,171.46316626456678,20.63755557291085,17.063,0.0004755260936860169,44574,0.822479
Jakarta,131111,PT Mora Telematika Indonesia,ID,Jakarta,26.384750922452945,29.531082061474233,4.572,0.06990903603285632,44535,0.717042
Casablanca,6713,Office National des Postes et Telecommunications ONPT (Maroc Telecom) / IAM,MA,Casablanca-Settat,20.19745606795978,5.62892859371425,59.838,0.00011463065703007212,44356,0.60286
Ankara,34984,TELLCOM ILETISIM HIZMETLERI A.S.,TR,Ankara,43.43353274096038,8.955617802079056,87.0,0.015343774225779584,44318,0.448404
Milan,30722,Vodafone Italia S.p.A.,IT,Lombardy,78.01779530767367,23.19854953290916,11.141,0.00034516654813285193,44264,0.822479
Chennai,136336,Thamizhaga Internet Communications Private Limited,IN,Tamil Nadu,32.756739602211546,23.480931746403012,15.783,0.0853191015989104,44106,0.539521
Hyderabad,24560,"Bharti Airtel Ltd., Telemedia Services",IN,Telangana,32.367106802353334,16.837954278250294,33.985,0.07364700632786435,43935,0.539521
Baguio City,9299,Philippine Long Distance Telephone Company,PH,Cordillera,39.44767419071244,17.74494332101578,52.711,0.023410501024344072,43907,0.497854
Edmonton,852,TELUS Communications Inc.,CA,Alberta,176.92040372494853,98.41379633784145,8.901,0.0009403366980867445,43898,1.0
Leipzig,3209,Vodafone GmbH,DE,Saxony,52.01459966414613,14.315226232592781,26.715,0.0,43837,0.822479
Denver,209,"Qwest Communications Company, LLC",US,Colorado,133.38223196029682,84.78335951224336,4.918,0.0033564033682755676,43579,1.0
Cape Town,37611,Afrihost (Pty) Ltd,ZA,Western Cape,36.10419798320807,23.21417805082901,4.758,0.0067738607540182285,42775,0.790616
Bengaluru,134674,TATA SKY BROADBAND PRIVATE LIMITED,IN,Karnataka,89.41960239337116,45.12387467792584,8.865,0.05237509713540285,42665,0.717042
Davao City,4775,Globe Telecoms,PH,Davao Region,12.028765785492853,7.15169584092452,76.273,0.027527912603122606,42515,0.319902
Dublin,15502,Vodafone Ireland Limited,IE,Leinster,36.10287453554953,11.128028647686335,12.624,0.0004609688383534239,42450,0.822479
Bangkok,132618,Real Future Company Limited,TH,Bangkok,13.822455252721015,5.343145737662708,30.005,0.01762255871321703,42332,0.361569
Johannesburg,29975,Vodacom,ZA,Gauteng,27.294986188333095,5.2123211097942574,2.17,0.0,42176,0.822048
Istanbul,15897,Vodafone Telekomunikasyon A.S.,TR,Istanbul,26.79425289954014,6.132086165684941,19.627,0.0,41775,0.773028
San Jose,22616,"ZSCALER, INC.",US,California,108.71721968498228,38.94938028150142,1.65,0.0,41683,1.0
Makati City,9299,Philippine Long Distance Telephone Company,PH,Metro Manila,32.88256096773739,16.092618033012783,64.505,0.0362999008653267,41662,0.497854
Iloilo City,10139,"Smart Broadband, Inc.",PH,Western Visayas,4.82539304060897,1.0794551172532303,94.711,0.0024082623525380304,41651,0.447335
Prague,5610,"O2 Czech Republic, a.s.",CZ,Prague,27.735483828387327,11.351469963843135,20.861,0.0014612428527635466,41549,0.822479
Tashkent,8193,Uzbektelekom Joint Stock Company,UZ,Tashkent,33.14919319235519,26.38080018686105,234.803,0.07347924644452444,41364,0.461978
Jalandhar,55836,Reliance Jio Infocomm Limited,IN,Punjab,24.35254301771312,4.010159584760623,48.119,0.0022118254624977837,41256,0.630638
Marrakesh,36884,Wana Corporate,MA,Marrakesh-Safi,7.814426716539449,1.230039555413076,50.033,0.012298840240942192,41220,0.164377
Johannesburg,20011,Internet Solutions,ZA,Gauteng,29.296459391402415,23.6924020894569,4.867,0.01084469204072889,41200,0.588541
Tangerang,7713,PT Telekomunikasi Indonesia,ID,Banten,16.594595648635263,9.394459465162013,4.386,0.0024818001429282904,41163,0.693547
Surakarta,23693,PT. Telekomunikasi Selular,ID,Central Java,24.776423277642326,7.415764404330859,11.562,0.0,41106,0.644527
Chennai,38266,Vodafone India Ltd.,IN,Tamil Nadu,10.391178814145482,3.1974397711441473,84.648,0.0036401571482476197,41081,0.588971
Pune,38266,Vodafone India Ltd.,IN,Maharashtra,11.065387002940794,1.9778490686678871,102.039,0.0060676220510159275,40962,0.343712
Seattle,21928,"T-Mobile USA, Inc.",US,Washington,64.32086237633956,7.55341083834164,34.788,4.467458421378162e-05,40914,0.773028
Cape Town,20011,Internet Solutions,ZA,Western Cape,30.380370144711804,20.386109862260188,5.097,0.01388320665141841,40675,0.588541
Sacramento,7922,"Comcast Cable Communications, LLC",US,California,119.49472260319311,33.773702393841404,11.403,1.6554262077558512e-05,40552,0.95098
Meknes,36903,Office National des Postes et Telecommunications ONPT (Maroc Telecom) / IAM,MA,Fès-Meknès,16.217145745123506,9.29944434756036,53.818,0.036908189586101016,40399,0.319902
Port Harcourt,29465,MTN NIGERIA Communication limited,NG,Rivers State,10.113803395590356,6.746487200754741,31.773,0.00018603192573605524,40075,0.644527
Accra,30986,Scancom Ltd.,GH,Greater Accra Region,12.496117873501037,10.460369582589735,34.167,0.010043735776983096,40032,0.41102
Sambalpur,55836,Reliance Jio Infocomm Limited,IN,Odisha,22.631549572994736,4.801031516286542,48.1,0.0010913963592204946,40025,0.630638
Tunis,37671,3S INF,TN,Tunis Governorate,7.778781033815966,1.1612181735715754,25.059,0.0005221523002077481,40003,0.489002
Paranaque City,10139,"Smart Broadband, Inc.",PH,Metro Manila,5.234777457214021,1.5696486421380442,71.189,0.012687031655768304,39974,0.164377
Tokyo,2516,KDDI CORPORATION,JP,Tokyo,38.924260666840986,7.870816607362087,22.759,1.361133005567092e-05,39892,0.773028
Bielefeld,3320,Deutsche Telekom AG,DE,North Rhine-Westphalia,38.17443753609185,14.97355090017054,25.015,0.0003442296152998275,39890,0.822479
San Jose,14593,Space Exploration Technologies Corporation,US,California,95.16272602338847,10.079500030347187,19.349,0.007839361491833521,39829,0.741597
Los Angeles,21928,"T-Mobile USA, Inc.",US,California,80.99330793456306,6.7220789859136,15.006,4.8259287955198775e-05,39709,0.773028
Husainpur,24560,"Bharti Airtel Ltd., Telemedia Services",IN,Uttarakhand,18.96879144477151,7.783592125223217,29.513,0.028019323671497585,39498,0.361569
Patiāla,55836,Reliance Jio Infocomm Limited,IN,Punjab,25.59448735088469,3.9653539263216966,48.62,0.002531698857964032,39379,0.75914
Bacolod City,4775,Globe Telecoms,PH,Western Visayas,6.874556135270261,2.3406713177854295,77.976,0.0101842675963385,39184,0.164377
Cagayan de Oro,10139,"Smart Broadband, Inc.",PH,Northern Mindanao,4.341812528916845,1.0732836184623482,98.266,0.007336858143350443,39100,0.366453
Seattle,209,"Qwest Communications Company, LLC",US,Washington,111.29380058723366,73.01063682393614,4.087,0.01306325643620241,38895,0.717042
Prague,16019,Vodafone Czech Republic a.s.,CZ,Prague,41.26827450887459,19.140357813917163,10.514,0.00028108012306601643,38842,0.822479
Surrey,852,TELUS Communications Inc.,CA,British Columbia,156.26344778169536,92.93116787130667,10.0,0.0007738954931323782,38645,0.95098
Medan,23693,PT. Telekomunikasi Selular,ID,North Sumatra,15.210285279573982,5.00376547401823,15.592,0.0,38637,0.644527
Birmingham,2856,British Telecommunications PLC,GB,England,34.12838347161653,6.684532979169545,22.479,5.1382884703657776e-05,38614,0.773028
Oujda,36903,Office National des Postes et Telecommunications ONPT (Maroc Telecom) / IAM,MA,Oriental,13.066322678929165,7.2301815377023395,68.874,0.05229780364820017,38469,0.319902
Cape Town,37105,Neology (Pty) Ltd,ZA,Western Cape,15.824557985824951,3.33174194845149,14.046,0.018687286708292276,38365,0.34768
Düsseldorf,3209,Vodafone GmbH,DE,North Rhine-Westphalia,68.06704373157669,15.197449740264286,14.224,1.125366957547454e-05,38299,0.822479
Stuttgart,3209,Vodafone GmbH,DE,Baden-Wurttemberg,46.95598775124033,9.908694703922432,18.85,2.6210644091249436e-05,38291,0.773028
Mississauga,812,Rogers Communications Canada Inc.,CA,Ontario,162.06021610360543,40.86054214036456,23.702,4.491794024302658e-05,38248,0.95098
Montreal,812,Rogers Communications Canada Inc.,CA,Quebec,40.92344988306842,5.963607214877751,49.725,8.007560442167896e-05,38098,0.773028
San Juan,132199,Globe Telecom Inc.,PH,Central Luzon,60.045573546359606,32.89587220910655,57.465,0.00241928634185804,38079,0.909314
Pune,134674,TATA SKY BROADBAND PRIVATE LIMITED,IN,Maharashtra,88.8205366791366,66.56086494570641,6.034,0.07672192216954489,37838,0.717042
Miami,7018,"AT&T Services, Inc.",US,Florida,195.94278736475422,137.42784318407578,5.923,0.000405614880855881,37801,1.0
Brisbane,1221,Telstra Pty Ltd,AU,Queensland,51.44243844862779,7.9145276086011975,26.019,4.384802383951647e-05,37707,0.773028
Frankfurt am Main,3209,Vodafone GmbH,DE,Hesse,54.22248660454669,11.938795750044848,10.0,2.9905770426735968e-06,37414,0.822479
Kanpur,45609,Bharti Airtel Ltd. AS for GPRS Service,IN,Uttar Pradesh,43.224889904760786,4.814040086649623,34.332,0.003233544779823374,37371,0.75914
Brooklyn,21928,"T-Mobile USA, Inc.",US,New York,76.39737106680337,14.420996886105872,15.133,0.00013116712763862855,37336,0.822479
Delhi,55256,Netskope Inc,IN,National Capital Territory of Delhi,45.773564073032446,8.622819908720365,2.0,0.0004153289778412342,37121,0.822048
Lisbon,2860,"NOS COMUNICACOES, S.A.",PT,Lisbon,49.29717879129731,19.468000736794547,15.788,6.66339176105683e-05,37112,0.822479
Madrid,14593,Space Exploration Technologies Corporation,ES,Madrid,62.39528181703642,11.085681921993606,19.897,0.0064219102453886776,36970,0.741597
Calamba,17639,Converge ICT Solutions Inc.,PH,Calabarzon,60.232340395491946,32.769360042262726,34.483,0.023788364635089685,36783,0.668022
Tangier,36925,MEDITELECOM,MA,Tanger-Tetouan-Al Hoceima,13.632588350358327,2.6631144288795174,45.268,0.058273065885218675,36681,0.34768
Ashburn,14618,"Amazon.com, Inc.",US,Virginia,176.31090516395997,41.092426170090405,33.031,0.002560988237044756,36064,0.95098
Dallas,14593,Space Exploration Technologies Corporation,US,Texas,80.06442824070231,8.372361381930903,19.962,0.011879855583148136,36062,0.49007
Noida,134375,Fusionnet Web Services Private Limited,IN,Uttar Pradesh,73.46525968821707,51.34848423490107,5.623,0.04251990652567601,36060,0.717042
Cape Town,29975,Vodacom,ZA,Western Cape,26.7075885639093,4.3716342516645135,1.299,0.0,36027,0.808159
Milan,1267,Wind Telecomunicazioni SpA,IT,Lombardy,43.278816603252025,15.171782377275695,15.379,0.0001497136112688318,35879,0.822479
Durban,37457,Telkom SA Ltd.,ZA,KwaZulu-Natal,9.567291851432012,5.772013065992702,29.99,0.002885846725465794,35797,0.502891
Tangier,36903,Office National des Postes et Telecommunications ONPT (Maroc Telecom) / IAM,MA,Tanger-Tetouan-Al Hoceima,27.558651049558993,22.373259669968576,52.856,0.014506027373418868,35338,0.497854
Prague,13036,T-Mobile Czech Republic a.s.,CZ,Prague,40.703007763150026,19.91883256188664,21.136,0.0010601626284754257,35221,0.822479
Rome,16232,TELECOM ITALIA SPA,IT,Lazio,30.172433762351858,4.304058074140205,38.784,4.677963314008705e-05,35130,0.75914
Bangkok,131445,Advance Wireless Network,TH,Bangkok,10.202837376093209,2.251650779089735,48.09,0.01120699316373417,35086,0.34768
Semarang,4761,INDOSAT Internet Network Provider,ID,Central Java,13.634905088278447,10.327554466247276,34.0,0.019540366140888447,35066,0.41102
Chilakalūrupet,24560,"Bharti Airtel Ltd., Telemedia Services",IN,Andhra Pradesh,34.48059621297951,15.776378897002397,35.303,0.08493471340747592,34986,0.539521
Jakarta,18004,PT WIRELESS INDONESIA ( WIN ),ID,Jakarta,9.918217123375419,2.397931012071263,17.742,0.0018013761047487884,34951,0.489002
Los Angeles,7018,"AT&T Services, Inc.",US,California,110.43735983188076,52.759702182671106,9.0,8.96947120545003e-05,34920,1.0
Leipzig,3320,Deutsche Telekom AG,DE,Saxony,38.36041454907633,16.105286473523332,28.679,0.0,34827,0.822479
Colombo,18001,Dialog Telekom Ltd,LK,Western Province,5.775639698967192,1.8310293617615467,94.77,2.2139229028149215e-05,34824,0.447335
Bologna,30722,Vodafone Italia S.p.A.,IT,Emilia-Romagna,38.26699254036603,11.435978164021837,23.652,0.0,34819,0.822479
Milan,12874,Fastweb SpA,IT,Lombardy,90.68591858892685,57.427031156643196,18.004,0.0006225892720247696,34803,0.95098
Mandaluyong,9299,Philippine Long Distance Telephone Company,PH,Metro Manila,47.6546963102159,29.657648685300188,59.167,0.021605747657305375,34685,0.626356
Phoenix,22773,Cox Communications Inc.,US,Arizona,117.43225473298787,24.146814296954155,26.956,0.0008871162664104124,34483,0.822479
Vijayawada,24560,"Bharti Airtel Ltd., Telemedia Services",IN,Andhra Pradesh,34.5307629138369,14.17576938719123,36.451,0.08278788021930417,34482,0.539521
Imphal,55836,Reliance Jio Infocomm Limited,IN,Manipur,22.087056412224626,3.3822816445382973,55.085,0.00024224727379187495,34336,0.588971
Makati City,10139,"Smart Broadband, Inc.",PH,Metro Manila,5.753031564067601,1.6412550753399802,69.488,0.007146096440830934,34215,0.366453
Melbourne,133612,Vodafone Australia Pty.,AU,Victoria,34.01165743133467,3.814320050975327,1.411,0.0,34096,0.808159
Palembang,7713,PT Telekomunikasi Indonesia,ID,South Sumatra,19.51321260584854,10.470910958509597,20.053,0.011058606550666738,33999,0.41102
San Jose,7018,"AT&T Services, Inc.",US,California,173.52416318203228,100.37944916038107,8.748,0.003141657861429376,33986,1.0
Gurugram,55836,Reliance Jio Infocomm Limited,IN,Haryana,19.02468676308151,2.4696168132113403,25.225,9.937717362491542e-06,33902,0.630638
London,62044,Zscaler Switzerland GmbH,GB,England,51.83165176102895,19.509671747186395,5.196,0.0,33881,0.871499
Abuja,36873,Airtel Networks Limited,NG,FCT,5.457521448327357,4.256042108686307,141.048,0.04990177600313813,33851,0.0
Depok,7713,PT Telekomunikasi Indonesia,ID,West Java,22.961310211494304,13.600415972129868,6.728,0.0045203331723460295,33849,0.742997
Algiers,36947,Telecom Algeria,DZ,Algiers,20.679497154947136,15.265276636952887,53.801,0.016480852100075175,33739,0.369353
Sacramento,21928,"T-Mobile USA, Inc.",US,California,75.19559111852048,6.625029086275468,19.019,6.77345362151703e-05,33691,0.773028
Madrid,12479,Orange Espagne SA,ES,Madrid,56.96577473652761,26.83119130350958,13.318,0.0002531058320836156,33665,0.95098
Bulandshahr,55836,Reliance Jio Infocomm Limited,IN,Uttar Pradesh,26.531210190955417,2.925999504618775,46.453,0.00067444289808333,33377,0.75914
Denver,22616,"ZSCALER, INC.",US,Colorado,135.648832,41.42514693188936,0.435,0.0,33284,1.0
South Tangerang,63859,PT. Eka Mas Republik,ID,Banten,21.108039322890225,18.26224898702814,23.975,0.030386177268379874,33210,0.41102
Auckland,9790,CallPlus Services Limited,NZ,Auckland,93.94523158222066,50.86423514943982,11.0,0.0023698036236836483,33033,0.95098
Ashburn,14593,Space Exploration Technologies Corporation,US,Virginia,98.00765774199964,9.513175153034405,18.725,0.010757864345117652,33030,0.49007
Los Angeles,6167,Cellco Partnership DBA Verizon Wireless,US,California,49.214879057562094,6.072402725712028,19.137,4.150789599350116e-05,32993,0.773028
Haridwar,45609,Bharti Airtel Ltd. AS for GPRS Service,IN,Uttarakhand,43.99103183761639,5.3825036864564995,26.243,0.0011106556344016695,32986,0.773028
Hanoi,7552,Viettel Group,VN,Hanoi,33.65569977157717,21.933533268963554,205.0,0.010910714510307009,32905,0.333477
Cagayan de Oro,4775,Globe Telecoms,PH,Northern Mindanao,19.556977366326393,8.49807296436299,75.998,0.018252457563036166,32821,0.319902
Cirebon,23693,PT. Telekomunikasi Selular,ID,West Java,19.485380624558815,7.4972015128730405,9.0,0.0019460993045822645,32677,0.693547
Davao City,10139,"Smart Broadband, Inc.",PH,Davao Region,4.888784770171632,1.3330142709101969,100.255,0.003395652195186394,32586,0.282958
Brampton,812,Rogers Communications Canada Inc.,CA,Ontario,157.82911354938628,41.94968513334397,29.184,2.6933470120447787e-05,32507,0.95098
Angeles City,17639,Converge ICT Solutions Inc.,PH,Central Luzon,52.039397964541834,37.09981372052158,34.186,0.0024127718682539806,32479,0.95098
Munich,8767,M-net Telekommunikations GmbH,DE,Bavaria,85.66327068450725,41.14496432283893,13.046,0.000727638935540239,32470,0.95098
Mumbai,55256,Netskope Inc,IN,Maharashtra,44.18120525620025,10.302342541655246,3.361,0.00010128947836551701,32468,0.871499
Adelaide,1221,Telstra Pty Ltd,AU,South Australia,49.873763077111775,11.77330659610513,24.284,1.7317411838693506e-05,32381,0.822479
Miami,14593,Space Exploration Technologies Corporation,US,Florida,38.07387282401194,6.949611626807765,20.817,0.008715856276135274,32261,0.692146
Dallas,21928,"T-Mobile USA, Inc.",US,North Carolina,54.917300173783666,7.903987181438365,21.051,1.1867439689414835e-05,31972,0.773028
Guwahati,45609,Bharti Airtel Ltd. AS for GPRS Service,IN,Assam,36.91719596535718,3.07269803585819,73.0,0.002038283286811648,31864,0.717473
Orlando,21928,"T-Mobile USA, Inc.",US,Florida,76.05671084084278,7.2490294796402965,29.246,7.908489632192947e-05,31839,0.773028
Semarang,23693,PT. Telekomunikasi Selular,ID,Central Java,23.641925739299694,8.150172091437707,10.053,0.00020879871559131003,31807,0.644527
Hyderabad,45609,Bharti Airtel Ltd. AS for GPRS Service,IN,Telangana,14.815710180580764,2.0920653399185096,40.781,0.000944441256798266,31790,0.630638
City of Muntinlupa,9299,Philippine Long Distance Telephone Company,PH,Calabarzon,51.50787610114169,32.30787522603165,56.717,0.014517715031565678,31650,0.626356
Cape Town,37457,Telkom SA Ltd.,ZA,Western Cape,10.718294652050398,5.58483632100975,22.094,0.002662160990436374,31598,0.644527
San Fernando,10139,"Smart Broadband, Inc.",PH,Ilocos,3.3100447009294953,1.2138624581790138,68.093,0.013732811555157886,31595,0.164377
Quezon City,4775,Globe Telecoms,PH,Metro Manila,9.912010461995443,2.704323225552086,61.721,0.0006474916635448319,31491,0.447335
Beni Mellal,36903,Office National des Postes et Telecommunications ONPT (Maroc Telecom) / IAM,MA,Béni Mellal-Khénifra,21.48673303326638,14.800217512474068,55.469,0.03208129651178836,31385,0.369353
Lima,6147,Telefonica del Peru S.A.A.,PE,Cajamarca Department,35.08652596514344,17.541699178019016,107.932,0.0037545046962344994,31371,0.616435
Pretoria,37457,Telkom SA Ltd.,ZA,Gauteng,8.949256866836825,4.507289942236646,20.306,0.0018631592539984135,31266,0.489002
Cebu City,17639,Converge ICT Solutions Inc.,PH,Central Visayas,46.40883220403894,34.50370982209374,42.816,0.0466105378457729,31240,0.668022
Guwahati,24560,"Bharti Airtel Ltd., Telemedia Services",IN,Assam,35.28093622408419,24.081547284057134,50.885,0.10537459481434212,31223,0.497854
Lahug,4775,Globe Telecoms,PH,Central Visayas,21.51003113521279,8.755135573130712,71.7,0.011748557684489843,31154,0.319902
Dehradun,45609,Bharti Airtel Ltd. AS for GPRS Service,IN,Uttarakhand,40.588476423314546,5.511144302079501,24.461,0.00034166862414315913,31113,0.773028
Dallas,7018,"AT&T Services, Inc.",US,Georgia,143.04815903382567,59.97664806538542,5.035,3.8696353331672714e-05,30937,1.0
Frankfurt am Main,6805,Telefonica Germany GmbH & Co.OHG,DE,Hesse,23.005310213271432,9.069018984762895,17.546,0.0,30528,0.644527
Jakarta,23700,Linknet-Fastnet ASN,ID,Jakarta,29.27897544766551,13.790700074399405,10.58,0.01438087846702515,30520,0.539521
The Bronx,6128,Cablevision Systems Corp.,US,New York,213.16542730576577,26.282055902398692,7.021,0.001397536523172861,30474,1.0
Barcelona,3352,TELEFONICA DE ESPANA,ES,Catalonia,93.41674980109232,57.05916832570227,9.201,9.653094196213248e-05,30375,1.0
Coimbatore,24560,"Bharti Airtel Ltd., Telemedia Services",IN,Tamil Nadu,30.568558104954093,21.51255437991299,33.0,0.0844573171451695,30172,0.539521
Riyadh,39891,Saudi Telecom Company JSC,SA,Riyadh Region,16.126551987707945,5.653989655927232,47.353,0.0011554156890023766,30038,0.644527
Caloocan City,4775,Globe Telecoms,PH,Metro Manila,25.80094150150138,6.5040424528547165,59.28,0.0026292220728827064,30032,0.731362
San Diego,20001,Time Warner Cable Internet LLC,US,California,185.14005965655687,10.971443976723833,12.0,1.1065408916588995e-05,29927,0.822479
San Juan,10139,"Smart Broadband, Inc.",PH,Metro Manila,8.27428578117775,1.9444084447324421,72.886,0.005035004657447422,29755,0.366453
Rohtak,45609,Bharti Airtel Ltd. AS for GPRS Service,IN,Haryana,44.092624425807955,6.610445314040618,27.129,0.0004189308410825861,29698,0.773028
Johannesburg,11845,Vox Telecom Ltd,ZA,Gauteng,28.395682135976095,24.915864659857146,5.723,0.008633768060267086,29646,0.790616
Bhopal,24560,"Bharti Airtel Ltd., Telemedia Services",IN,Madhya Pradesh,25.02543768425909,14.894811019346555,33.402,0.06338364439179353,29538,0.539521
Miami,21928,"T-Mobile USA, Inc.",US,Florida,68.81881481145703,7.30062578543151,19.606,6.998286001409918e-05,29480,0.773028
Gurugram,132453,TRIPLE PLAY BROADBAND PRIVATE LIMITED,IN,Haryana,52.87129072681305,34.6348334415663,9.209,0.003871355796895137,29480,1.0
Essen,6805,Telefonica Germany GmbH & Co.OHG,DE,North Rhine-Westphalia,26.092994849982457,11.610959968208324,22.513,3.35294008270601e-05,29471,0.822479
Delhi,17747,SITI NETWORKS LIMITED,IN,National Capital Territory of Delhi,51.938158309823386,31.252344754329236,7.098,0.0043849915063348165,29418,1.0
Jakarta,135478,PT. Cyberindo Aditama,ID,Jakarta,32.969648750231954,28.67707358532543,4.455,0.03963333078878452,29411,0.717042
Bandung,55699,PT. Cemerlang Multimedia,ID,West Java,14.936342347932971,11.79782814886665,18.643,0.07479392484935045,29382,0.41102
São Paulo,22085,Claro S/A,BR,São Paulo,21.246448677749846,4.116334491161097,146.441,0.0005761059176096971,29292,0.424594
Durban,29975,Vodacom,ZA,KwaZulu-Natal,19.040038127735926,3.5529814568900693,12.822,0.0,29288,0.630638
Ghaziabad,55836,Reliance Jio Infocomm Limited,IN,Uttar Pradesh,27.0692367409547,4.061618363028982,47.725,0.0023059299314845518,29234,0.75914
Istanbul,47524,Turksat Uydu Haberlesme ve Kablo TV Isletme A.S.,TR,Istanbul,41.09869071154687,7.564538670084133,51.673,0.005977525135467134,29123,0.650479
Hamburg,15943,wilhelm.tel GmbH,DE,Hamburg,65.88388921947887,19.962268441504715,2.299,0.0009607909592505655,29053,0.871499
Brussels,5432,Proximus NV,BE,Brussels Capital,72.31636022663785,27.892734491677412,11.667,0.005528587586615001,29042,0.870098
St Louis,20115,Charter Communications,US,Missouri,164.25850081486283,61.73993507636287,12.119,0.0006281660852972111,29037,0.95098
Indore,55836,Reliance Jio Infocomm Limited,IN,Madhya Pradesh,23.894805502194053,13.426917141250598,39.823,0.02857925706020147,29035,0.41102
Paris,14593,Space Exploration Technologies Corporation,FR,Île-de-France,90.01320176794539,9.988079045195695,32.667,0.010695796950902661,29006,0.49007
Aurora,7922,"Comcast Cable Communications, LLC",US,Colorado,208.6151096283894,34.803296698241795,6.97,3.941239825680553e-05,28942,1.0
Nashik,55836,Reliance Jio Infocomm Limited,IN,Maharashtra,32.88584827047388,3.18858276373376,39.919,0.00020143951839064213,28896,0.75914
Toronto,14593,Space Exploration Technologies Corporation,CA,Ontario,84.0492948993277,8.564098435949864,35.987,0.013377911140606278,28841,0.49007
Naga,17639,Converge ICT Solutions Inc.,PH,Bicol Region,35.00914237153676,14.290588786351398,38.246,0.03879365739020442,28783,0.539521
Mumbai,16509,"Amazon.com, Inc.",IN,Maharashtra,44.90055911519713,7.439078904828985,22.797,0.006566946528046698,28751,0.692146
Graz,8412,T-Mobile Austria GmbH,AT,Styria,36.139678124729755,13.376347457959312,28.467,0.00010314972278086116,28627,0.822479
Philadelphia,701,"MCI Communications Services, Inc. d/b/a Verizon Business",US,Pennsylvania,181.01777363105603,109.03367196493527,6.45,0.0032195700562774082,28493,1.0
Houston,21928,"T-Mobile USA, Inc.",US,Texas,79.0259054612402,7.4072590842551245,22.615,0.0,28441,0.773028
Izmir,34984,TELLCOM ILETISIM HIZMETLERI A.S.,TR,İzmir Province,43.65141075510218,9.286977968155202,94.734,0.02187855149986483,28379,0.448404
Tampa,5650,"Frontier Communications of America, Inc.",US,Florida,220.66790306175463,155.26594449699368,10.725,0.0016431909702730564,28341,0.95098
Johannesburg,12091,MTN SA,ZA,Gauteng,25.529251954638404,4.433800296429269,14.372,0.0,28339,0.75914
Perth,4804,Microplex PTY LTD,AU,Western Australia,52.065120044397716,13.246641959125068,12.226,0.0,28279,0.822479
Cagayan de Oro,17639,Converge ICT Solutions Inc.,PH,Northern Mindanao,40.29522764787509,32.694492942834295,45.0,0.04203758989194683,28074,0.668022
Dhanbad,55836,Reliance Jio Infocomm Limited,IN,Jharkhand,25.51784163857079,4.554634818961836,67.0,0.0018788328189506594,28042,0.717473
New York,9009,M247 Ltd,US,New York,64.32098841718607,8.678478198544893,1.197,0.005801619386361942,28003,0.741166
Nagpur,24560,"Bharti Airtel Ltd., Telemedia Services",IN,Maharashtra,30.362716919265527,18.106164626357117,29.779,0.07382457976389392,27945,0.539521
Bangkok,133481,AIS Fibre,TH,Bangkok,91.55359209564678,19.884600009079183,33.493,0.008763388510223954,27937,0.741597
Austin,11427,Time Warner Cable Internet LLC,US,Texas,196.4803432440232,19.26416248454673,14.385,0.00011570947127768013,27896,0.822479
Las Piñas,9299,Philippine Long Distance Telephone Company,PH,Metro Manila,28.15120517759556,30.167596143028927,64.745,0.050484334412268336,27810,0.626356
Cabanatuan City,132199,Globe Telecom Inc.,PH,Central Luzon,36.34291177564137,24.472003945579484,59.645,0.009390466771866161,27804,0.69993
Chicago,6167,Cellco Partnership DBA Verizon Wireless,US,Illinois,56.577670505311225,8.24271863203229,22.025,4.7845083547183684e-05,27799,0.773028
Melbourne,14593,Space Exploration Technologies Corporation,AU,Victoria,103.20729418939304,11.853183696174877,19.24,0.006917193196151516,27793,0.741597
Paris,3215,Orange S.A.,FR,Île-de-France,179.1168289761525,95.79791025991403,3.655,0.0,27775,1.0
Toronto,852,TELUS Communications Inc.,CA,Ontario,105.5982536271203,16.6771665700058,27.357,0.0,27561,0.822479
Lagos,14593,Space Exploration Technologies Corporation,NG,Lagos,18.084840750819122,5.497338493685023,23.456,0.01844228892215848,27445,0.361569
Istanbul,8386,VODAFONE NET ILETISIM HIZMETLERI ANONIM SIRKETI,TR,Istanbul,34.38037044555493,10.14102180155427,20.882,0.04232552874033521,27410,0.539521
Bengaluru,55947,Bangalore Broadband Network Pvt Ltd,IN,Karnataka,43.214681446648,26.83275202683953,15.655,0.03641994603843116,27340,0.668022
Izmir,9121,Turk Telekomunikasyon Anonim Sirketi,TR,İzmir Province,22.149627762011278,8.259127261265629,76.0,0.05725542643364479,27255,0.319902
Benito Juarez,17072,TOTAL PLAY TELECOMUNICACIONES SA DE CV,MX,Mexico City,86.96258117571392,52.02031545982333,60.413,0.0004799029444285188,27218,0.909314
Angeles City,10139,"Smart Broadband, Inc.",PH,Central Luzon,4.17294546522154,1.2924774395586571,74.858,0.013379985543941925,27203,0.164377
Bangkok,24378,Total Access Communication PLC.,TH,Bangkok,11.991593496830308,4.97571155404317,69.519,0.001973814253839908,27062,0.588971
Orlando,7018,"AT&T Services, Inc.",US,Florida,134.00843654429158,44.82821519902996,10.706,2.1971275027362257e-05,27008,0.95098
Ghaziabad,133982,Excitel Broadband Private Limited,IN,Uttar Pradesh,81.10509384882383,47.07651578734423,10.141,0.0186327507092849,26985,0.668022
Tarlac City,4775,Globe Telecoms,PH,Central Luzon,24.199652420673992,8.29200012719448,63.127,0.0006305638857740283,26956,0.60286
Bengaluru,17665,AS Number of Indusind Media and communication Ltd.,IN,Karnataka,46.516577165456454,29.41028294606628,11.344,0.03220414087150063,26929,0.668022
Porto,12353,Vodafone Portugal - Communicacoes Pessoais S.A.,PT,Porto,112.5834117446719,81.05288665191738,10.317,0.00020332290625695745,26890,0.95098
San Antonio,11427,Time Warner Cable Internet LLC,US,Texas,180.83384861552761,19.375460351386895,13.804,0.00011519420155848572,26806,0.822479
Frankfurt am Main,3320,Deutsche Telekom AG,DE,Hesse,51.79498979580613,15.153968152864332,20.545,0.00015191166225757096,26724,0.822479
Lima,12252,America Movil Peru S.A.C.,PE,Lima Province,39.47613768419836,22.631368646752907,137.007,0.0008415234484584643,26686,0.616435
Meknes,36925,MEDITELECOM,MA,Fès-Meknès,4.4722114764400125,0.8871339182628031,48.122,0.06319880439827592,26668,0.206044
Kenitra,36903,Office National des Postes et Telecommunications ONPT (Maroc Telecom) / IAM,MA,Rabat-Salé-Kénitra,23.365485839451622,18.60946821830117,50.049,0.04041026945405433,26613,0.369353
Noida,45609,Bharti Airtel Ltd. AS for GPRS Service,IN,Uttar Pradesh,29.08852676880997,3.2786655348193547,27.455,0.001136482320527669,26599,0.75914
Stuttgart,6805,Telefonica Germany GmbH & Co.OHG,DE,Baden-Wurttemberg,22.24443583215609,9.57720869149833,22.63,0.0,26546,0.644527
Atlanta,55256,Netskope Inc,US,Georgia,114.86007104894841,21.859082390168673,10.335,3.188793145928292e-05,26475,0.822479
Sacramento,6167,Cellco Partnership DBA Verizon Wireless,US,California,42.086354417878866,5.571307490315368,24.99,0.00013074073302742317,26377,0.773028
Davao City,132199,Globe Telecom Inc.,PH,Davao Region,20.980259053527515,11.112703552052185,74.732,0.0412280923172712,26301,0.369353
Agra,45609,Bharti Airtel Ltd. AS for GPRS Service,IN,Uttar Pradesh,46.586898048544896,6.6660238696878125,23.499,0.0002629158808794771,26288,0.773028
Cagayan de Oro,132199,Globe Telecom Inc.,PH,Northern Mindanao,16.970970906127263,10.424293914291631,73.962,0.05992454266281731,26287,0.369353
Southampton,60377,Heinzelmannchen Ltd.,GB,England,249.31501239712034,209.9697187837889,6.275,0.0009060488901432135,26198,1.0
Auckland,4771,Spark New Zealand Trading Ltd,NZ,Auckland,80.42926586914038,48.44201267400357,9.633,3.879700196167341e-05,26071,1.0
Hanoi,45899,VNPT Corp,VN,Hanoi,43.21700152558669,30.644537161267237,35.797,0.03035979050226253,26059,0.668022
Albuquerque,7922,"Comcast Cable Communications, LLC",US,New Mexico,140.4806196791206,31.17856125044173,14.0,0.0002138626807309262,26048,0.95098
Panipat,45609,Bharti Airtel Ltd. AS for GPRS Service,IN,Haryana,38.44161130335837,6.152933462753283,24.543,0.0005011066429751551,25930,0.773028
Izmir,16135,TURKCELL ILETISIM HIZMETLERI A.S.,TR,İzmir Province,17.11619217898963,6.903411711295506,95.398,0.0,25873,0.60286
Croydon,13335,"Cloudflare, Inc.",GB,England,61.773654243316,19.505918986293725,10.75,0.0,25790,0.822479
Bengaluru,132559,Gatik Business Solutions,IN,Karnataka,44.49927410508126,23.14683318205177,10.661,0.018082888764862914,25618,0.539521
Batangas,4775,Globe Telecoms,PH,Calabarzon,8.690370218871942,2.834108952824326,65.539,0.00042888425149282356,25599,0.447335
New Delhi,394089,Oahu Publications,IN,National Capital Territory of Delhi,25.087737294612666,7.566412114809734,27.403,0.0010273353096055952,25583,0.773028
Mumbai,36183,"Akamai Technologies, Inc.",IN,Maharashtra,41.3433510416224,19.88030192890132,1.466,0.00023575800858207762,25575,0.871499
Istanbul,20978,AVEA Iletisim Hizmetleri A.S.,TR,Istanbul,13.795605483714116,6.939399433303117,62.938,5.296752464897948e-05,25575,0.60286
Shillong,55836,Reliance Jio Infocomm Limited,IN,Meghalaya,24.555971931001704,23.576769953228162,54.627,0.08571083700146673,25511,0.369353
Osaka,9605,"NTT DOCOMO, INC.",JP,Osaka,46.013346590296315,5.380061693771733,31.062,0.0,25491,0.773028
Boston,7922,"Comcast Cable Communications, LLC",US,Massachusetts,173.75672360747288,34.73350811293134,12.374,0.0010256950047064632,25469,0.95098
Paris,15557,SFR SA,FR,Île-de-France,164.6407488831152,33.850455153575645,5.714,5.615566747416787e-06,25366,1.0
Iloilo City,4775,Globe Telecoms,PH,Western Visayas,9.095843081967848,3.5433803579408636,84.511,0.007914937234348147,25359,0.366453
Adelaide,7545,TPG Internet Pty Ltd,AU,South Australia,58.45683480827109,18.782932207045743,17.334,0.002353316678840405,25300,0.822479
Mandi,9829,National Internet Backbone,IN,Himachal Pradesh,10.541116518697445,1.5732818093293193,35.301,0.008472079948955887,25225,0.549756
Surabaya,63859,PT. Eka Mas Republik,ID,East Java,19.065246537124068,18.179800538952023,36.374,0.0440657909298743,25205,0.41102
New York,6167,Cellco Partnership DBA Verizon Wireless,US,New York,58.882701916569474,11.956323158549438,19.621,0.0,25041,0.822479
Ludhiana,55836,Reliance Jio Infocomm Limited,IN,Punjab,27.453071669965926,4.673899687042003,48.997,0.0017834310213408742,24914,0.75914
Maramag,4775,Globe Telecoms,PH,Northern Mindanao,6.2069268555557855,1.8090954532732835,88.555,0.003814347566845411,24843,0.447335
Ankara,47331,TTNet A.S.,TR,Ankara,33.489147797030896,11.46630108604244,79.415,0.05416405163526898,24689,0.497854
Dublin,5607,Sky UK Limited,IE,Leinster,100.55774402547712,49.487585573801965,8.0,0.0004626037862347328,24660,1.0
Bengaluru,38266,Vodafone India Ltd.,IN,Karnataka,13.749485020187208,2.731836613438842,76.516,0.0012474057971543098,24614,0.588971
New Delhi,132116,Ani Network Pvt Ltd,IN,National Capital Territory of Delhi,56.18843259982771,27.559901136435,6.616,0.01320650463657326,24609,0.717042
Chicago,6079,RCN,US,Illinois,208.4038451739743,26.1188992347875,5.988,4.5712573306777715e-05,24591,1.0
Colorado Springs,7922,"Comcast Cable Communications, LLC",US,Colorado,182.66676036031922,40.331137796461725,8.166,4.0002423434488205e-05,24563,1.0
Hanover,3209,Vodafone GmbH,DE,Lower Saxony,86.165129225829,21.626592446097806,10.466,0.0,24550,0.822479
Sydney,4764,Aussie Broadband,AU,New South Wales,100.33628740357075,24.75251690267698,6.295,0.0008194110636560477,24544,0.871499
Kolkata,45775,WISH NET PRIVATE LIMITED,IN,West Bengal,33.5434729663297,22.021903548109197,56.631,0.08097499359493285,24455,0.497854
Fīrozābād,55836,Reliance Jio Infocomm Limited,IN,Uttar Pradesh,38.61624893009813,2.321272783217796,46.0,0.00010122812144356889,24353,0.75914
Perth,4764,Aussie Broadband,AU,Western Australia,93.94620280505717,36.040800567591205,4.984,0.0006226286603755229,24309,1.0
San Diego,7018,"AT&T Services, Inc.",US,California,120.32428936170213,75.36452814567467,10.144,0.0006608302439165125,24251,0.95098
Mumbai,17488,Hathway IP Over Cable Internet,IN,Maharashtra,57.001993589875624,34.19708727641115,4.873,0.017252452641192587,24249,0.717042
San Diego,22773,Cox Communications Inc.,US,California,117.84028793121136,27.759502909722844,10.239,0.0006289586214894097,24232,0.95098
Kolkata,135872,GTPL KCBPL BROADBAND PVT LTD,IN,West Bengal,32.911495992170494,23.38765879284986,48.864,0.06901377372563464,24223,0.539521
Bedford,35228,Telefonica UK Limited,GB,England,45.4433922521821,2.8412142399300824,3.927,0.0,24197,0.808159
Newark,21928,"T-Mobile USA, Inc.",US,New Jersey,59.20458611856957,10.256847528166176,18.112,0.0001804987274172042,24181,0.822479
Bremen,3209,Vodafone GmbH,DE,City state Bremen,92.5144275192059,27.56687256573789,10.477,3.3494897608642967e-05,24174,0.95098
Barcelona,15704,XTRA TELECOM S.A.,ES,Catalonia,76.42676460024366,54.536189459659504,29.0,0.0007490502704474008,24119,0.95098
Nairobi,14593,Space Exploration Technologies Corporation,KE,Nairobi County,10.843662358084826,5.726067983504823,22.677,0.055028023530501645,24082,0.361569
Ghaziabad,24560,"Bharti Airtel Ltd., Telemedia Services",IN,Uttar Pradesh,42.597795539355836,37.639891419322566,9.628,0.015510138204025943,24058,0.717042
Dubai,8966,Emirates Telecommunications Corporation,AE,Dubai,57.21638151075337,23.738675623013474,21.683,0.009635026977624271,24048,0.741597
Jaipur,133982,Excitel Broadband Private Limited,IN,Rajasthan,75.29081667010082,44.478837365016155,13.103,0.013778547866632762,23997,0.668022
Gorakhpur,24560,"Bharti Airtel Ltd., Telemedia Services",IN,Uttar Pradesh,24.549588770169557,12.029250410238923,40.558,0.08079737300981582,23969,0.41102
Jaipur,38266,Vodafone India Ltd.,IN,Rajasthan,10.03775165116181,2.6540312945240334,99.39,0.0021010250134197517,23939,0.588971
Glasgow,2856,British Telecommunications PLC,GB,Scotland,44.6361707535942,7.9007905785769585,24.466,1.7871177540166324e-05,23907,0.773028
Ankara,9121,Turk Telekomunikasyon Anonim Sirketi,TR,Ankara,21.58271073575605,6.496832813551459,82.004,0.054358736777082854,23877,0.319902
Sydney,38195,Superloop,AU,New South Wales,107.76129624281111,24.857349290584583,6.273,0.0001792361195423153,23858,0.871499
Barcelona,12430,VODAFONE ESPANA S.A.U.,ES,Catalonia,61.10965064337589,39.088793552038716,20.331,0.0003229085449000968,23853,0.95098
Florence,30722,Vodafone Italia S.p.A.,IT,Tuscany,38.63932685417349,12.189906261240356,29.755,0.0,23803,0.822479
Taguig,9299,Philippine Long Distance Telephone Company,PH,Metro Manila,29.411112012419743,18.526292253568307,61.728,0.04970773101609923,23752,0.497854
Fort Lauderdale,7922,"Comcast Cable Communications, LLC",US,Florida,161.05263157894737,36.45917256330975,7.253,3.803691417790073e-05,23706,1.0
Riyadh,35819,Bayanat Al-Oula For Network Services,SA,Riyadh Region,28.069915029805376,8.312501012492913,43.0,0.0004437751969170134,23702,0.773028
Khurja,55836,Reliance Jio Infocomm Limited,IN,Uttar Pradesh,20.2682307021895,4.7468538125847495,49.984,0.042245286666618934,23691,0.34768
London,202282,B4B Networks Ltd,GB,England,110.4732287560244,57.400292939611404,24.713,0.00023327398911840804,23673,0.95098
Clark,17639,Converge ICT Solutions Inc.,PH,Central Luzon,51.78618204842856,36.30331930614308,34.293,0.002051632196510256,23645,0.95098
Brussels,47377,Orange Belgium SA,BE,Brussels Capital,100.94564029652565,13.444552359252919,12.214,0.0007941920200148463,23625,0.822479
Washington,7922,"Comcast Cable Communications, LLC",US,District of Columbia,174.80955304775156,35.68632107779859,8.865,0.00011828999846057792,23576,1.0
Nairobi,327708,Airtel Rwanda Ltd.,KE,Nairobi County,6.235266608101302,6.201912495218762,8.0,0.11265562997641215,23543,0.268952
Bangkok,17552,"TRUE INTERNET CO., LTD.",TH,Bangkok,95.22693402785485,62.79048152083991,33.701,0.0034850451091070316,23511,0.95098
Agadir,36884,Wana Corporate,MA,Souss-Massa,8.660952764429634,1.143628907339834,67.717,0.017100014934427994,23474,0.164377
Leeds,206067,Hutchison 3G UK Limited,GB,England,94.77704541186432,3.8361046484535386,1.422,0.0,23451,0.808159
Seattle,14593,Space Exploration Technologies Corporation,US,Washington,72.21985948502106,8.411058789366468,19.626,0.011761162284684065,23413,0.49007
Auckland,9500,Vodafone NZ Internet Operations,NZ,Auckland,84.60287309569036,30.465199505528602,10.88,8.936152197863388e-06,23253,0.95098
Paris,5410,Bouygues Telecom SA,FR,Île-de-France,105.64800548803125,32.460696146968914,4.845,1.102814089310186e-05,23195,1.0
Tétouan,36903,Office National des Postes et Telecommunications ONPT (Maroc Telecom) / IAM,MA,Tanger-Tetouan-Al Hoceima,30.22985550375902,26.943956730318277,53.036,0.020156796363851308,23191,0.626356
New York,21928,"T-Mobile USA, Inc.",US,New York,74.84609097248763,13.5849725070376,16.858,0.00010141471409282022,23149,0.822479
Coimbatore,45609,Bharti Airtel Ltd. AS for GPRS Service,IN,Tamil Nadu,32.62540617069459,3.2078629900344717,35.081,0.0007439020865219307,23057,0.75914
Denver,21928,"T-Mobile USA, Inc.",US,Colorado,69.20787248398214,8.84116686143288,23.763,3.6521563001227476e-06,23029,0.773028
Delhi,38266,Vodafone India Ltd.,IN,National Capital Territory of Delhi,11.37749566038827,1.83203082853025,110.39,0.0006390080800890127,22983,0.424594
Tampa,33363,"BRIGHT HOUSE NETWORKS, LLC",US,Florida,182.67166685344367,21.875074924925077,12.329,0.0015359705859997242,22980,0.822479
Puerto Juárez,28403,"RadioMovil Dipsa, S.A. de C.V.",MX,Quintana Roo,10.634372442561443,2.5981778372597,69.913,0.003099150917956933,22926,0.588971
Lipa City,9299,Philippine Long Distance Telephone Company,PH,Calabarzon,50.63983722830554,33.76016092684133,64.198,0.01755177571626902,22900,0.626356
Dongjak-gu,17853,LGTELECOM,KR,Seoul,73.71577752213425,13.55762861811655,76.179,0.0,22887,0.780812
Caloocan City,132199,Globe Telecom Inc.,PH,Metro Manila,33.638236727303564,12.464725302912045,58.503,0.0091826926009094,22876,0.69993
São Paulo,10429,Telefonica Data S.A.,BR,São Paulo,40.458823214742864,11.98212988143283,14.985,0.0011062647759385587,22843,0.822479
Mumbai,45769,D-Vois Broadband Pvt Ltd,IN,Maharashtra,42.298102579854856,32.38935303912831,4.728,0.04798750563903181,22742,0.717042
Quezon City,132199,Globe Telecom Inc.,PH,Metro Manila,44.17998680178636,19.244802100338436,58.168,0.0012928374844516704,22733,0.780812
Fresno,7922,"Comcast Cable Communications, LLC",US,California,121.82079601115406,29.705810375230797,15.542,0.0001916769094015128,22694,0.95098
San Juan,4775,Globe Telecoms,PH,Metro Manila,20.24409553074815,5.727620003221945,58.146,0.00029817394239013055,22633,0.60286
Vijayawada,131269,ACTFIBERNET Pvt Ltd,IN,Andhra Pradesh,56.81169854416157,47.332547273348176,13.0,0.011019266223638186,22605,0.668022
Pune,132770,Gazon Communications India Limited,IN,Maharashtra,37.0096496601231,19.501417290615525,16.324,0.04730717917845674,22459,0.539521
Davao City,17639,Converge ICT Solutions Inc.,PH,Davao Region,44.314365411380756,27.01139421835662,49.023,0.04602348692658805,22319,0.668022
Biñan,9299,Philippine Long Distance Telephone Company,PH,Calabarzon,40.137530974295764,24.16433062039573,62.981,0.021358307639037743,22292,0.497854
New York,55256,Netskope Inc,US,New York,108.679383164365,22.410711853749934,0.704,0.0007689302779217938,22076,0.871499
Bhopal,55836,Reliance Jio Infocomm Limited,IN,Madhya Pradesh,26.98004790598563,20.29682371730545,38.974,0.0491809128836631,22068,0.539521
Agadir,36925,MEDITELECOM,MA,Souss-Massa,7.443308471444035,0.9334896046290222,49.935,0.05184029459060395,21964,0.206044
Frankfurt am Main,36183,"Akamai Technologies, Inc.",DE,Hesse,58.62967600522034,21.83111589324008,6.823,2.5184515929993343e-05,21963,0.871499
St Louis,21928,"T-Mobile USA, Inc.",US,Missouri,90.34867280458838,9.497421943067856,46.239,1.1968409435332004e-05,21937,0.773028
New York,62240,Clouvider Limited,US,New York,124.56736145642776,17.308252620379463,1.0,0.00033089236917829585,21917,0.871499
Curitiba,14868,COPEL Telecomunicações S.A.,BR,Paraná,72.61400567708264,50.129092944788376,11.226,0.0005460212750169537,21861,0.95098
Mumbai,55352,Microscan Computers Private Limited,IN,Maharashtra,31.94949189161046,20.66953232940142,11.375,0.026501181001643927,21845,0.539521
Brisbane,4804,Microplex PTY LTD,AU,Queensland,37.394675529185236,10.957578210833285,28.646,3.9955521022043936e-05,21836,0.822479
Manchester,51809,Ltd Company ITC,GB,England,236.9764130399688,205.1710737129007,9.535,0.0019321385671601616,21809,1.0
Pekalongan,7713,PT Telekomunikasi Indonesia,ID,Central Java,16.229735425661435,7.059814200173858,11.391,0.007019438677451625,21779,0.563645
Dublin,15751,Meteor,IE,Leinster,16.158048610909933,5.427600484012363,20.399,5.3867532773351116e-05,21765,0.644527
Lima,265691,WI-NET TELECOM S.A.C.,PE,Lima Province,94.71075131857378,87.07022086385388,52.24,2.205569473845049e-05,21574,0.909314
San Jose,21928,"T-Mobile USA, Inc.",US,California,75.22832021583018,7.772600289652498,23.98,7.040114294017377e-05,21561,0.773028
Fatehpur,38266,Vodafone India Ltd.,IN,Uttar Pradesh,10.498355194940913,2.1625591232263033,156.911,0.005833264926268549,21550,0.343712
Naples,3269,Telecom Italia S.p.a.,IT,Campania,38.70381534345568,16.436708099372495,57.526,0.009629098938372277,21439,0.69993
Manchester,62044,Zscaler Switzerland GmbH,GB,England,52.480162355183836,23.988046033649326,5.194,0.0,21321,0.871499
Riyadh,43766,MTC KSA,SA,Riyadh Region,23.865693975057393,6.64368973522824,112.921,3.9338102974399876e-05,21310,0.438483
Austin,7018,"AT&T Services, Inc.",US,Texas,109.07457572446086,35.50463970535001,9.681,1.3533350648171324e-05,21303,1.0
Jaipur,9829,National Internet Backbone,IN,Rajasthan,36.722777651910505,18.225287161390245,19.45,0.0019387881496959873,21202,0.822479
Sydney,9443,Primus Telecommunications,AU,New South Wales,70.3260879978216,18.749813690929425,7.707,1.4359851966024719e-05,21158,0.871499
Frankfurt am Main,8881,1&1 Versatel Deutschland GmbH,DE,Hesse,22.209839701417284,5.449536848071088,27.838,0.00039795161164213734,21128,0.644527
Brisbane,7545,TPG Internet Pty Ltd,AU,Queensland,73.86576263702332,27.268777500526202,19.262,0.0016711902656969672,21112,0.95098
Southwark,2856,British Telecommunications PLC,GB,England,31.444386544385473,6.246050137686943,23.817,4.6828586944498293e-05,21023,0.773028
Visakhapatnam,24309,Atria Convergence Technologies Pvt. Ltd.  Broadband Internet Service Provider INDIA,IN,Andhra Pradesh,54.935819855486095,47.42564935357133,32.662,0.009805347596040011,20997,0.870098
Brooklyn,12271,Time Warner Cable Internet LLC,US,New York,180.62281420284197,15.816004565367622,7.425,0.00014902712058783058,20844,0.871499
Washington,21928,"T-Mobile USA, Inc.",US,District of Columbia,81.83513255877926,10.987109260747157,20.242,6.496571253531427e-05,20827,0.822479
Jeddah,35819,Bayanat Al-Oula For Network Services,SA,Mecca Region,22.77827543992705,11.923006020191831,159.961,0.0017730242512278283,20803,0.487934
Fes,36884,Wana Corporate,MA,Fès-Meknès,8.437106791243165,0.693181590927453,56.757,0.013308697004908217,20763,0.164377
General Trias,4775,Globe Telecoms,PH,Calabarzon,9.36042455537466,3.8783434934420873,62.951,0.004905260246185054,20687,0.447335
Noida,133676,Precious netcom pvt ltd,IN,Uttar Pradesh,44.39394613601563,25.29387570045665,20.684,0.01766007045924489,20628,0.668022
Nasugbu,132199,Globe Telecom Inc.,PH,Calabarzon,49.44793285389406,32.82277889877083,56.576,0.011791200370954746,20587,0.626356
Paris,62044,Zscaler Switzerland GmbH,FR,Île-de-France,54.890610533617725,19.381952738696462,0.98,0.0,20531,0.871499
Barcelona,12479,Orange Espagne SA,ES,Catalonia,46.4166389920126,18.980405677963542,14.919,0.00022953817408496546,20464,0.822479
Tampa,21928,"T-Mobile USA, Inc.",US,Florida,88.3812833096027,6.756771102177661,26.403,6.86067301975048e-05,20449,0.773028
Abu Dhabi,5384,Emirates Telecommunications Corporation,AE,Abu Dhabi,45.62816198191009,22.671077239522166,23.275,0.012102343316161739,20404,0.539521
Jaipur,18209,Atria Convergence Technologies pvt ltd,IN,Rajasthan,57.59820108037089,32.61320585944426,12.029,0.0408859385821363,20397,0.668022
Pune,9829,National Internet Backbone,IN,Maharashtra,42.39381850977175,25.8179131019802,23.996,0.004106496213482836,20396,0.95098
Stockton,7922,"Comcast Cable Communications, LLC",US,California,146.439041248767,34.12830878886316,13.411,0.0001343444645688229,20393,0.95098
Santiago,27651,ENTEL CHILE S.A.,CL,Santiago Metropolitan,21.32455068169674,11.045336577591241,24.278,0.00028852985722761055,20382,0.693978
Lisbon,20879,SC Servicii Micronet SRL,PT,Lisbon,32.637180148652625,10.633061492069752,38.925,0.00016653023870404884,20348,0.822479
Riyadh,25019,Saudi Telecom Company JSC,SA,Riyadh Region,41.05170389318312,22.06952891785355,25.753,0.004545557286870263,20327,0.822479
Nairobi,15399,Wananchi Group (Kenya) Limited,KE,Nairobi County,9.097440048610101,1.6161743829408792,5.61,0.005301066920258774,20297,0.457139
South Tangerang,7713,PT Telekomunikasi Indonesia,ID,Banten,21.09342725827495,12.51034928686935,10.451,0.008529511215241311,20251,0.613095
Pasig,10139,"Smart Broadband, Inc.",PH,Metro Manila,9.9810751468461,1.9944370172452466,68.13,7.447446297262692e-05,20250,0.447335
San Antonio,7018,"AT&T Services, Inc.",US,Texas,148.62324358059112,86.61080280221982,11.034,0.0003245791296301537,20189,0.95098
Ahmedabad,45609,Bharti Airtel Ltd. AS for GPRS Service,IN,Gujarat,36.8327722296681,3.77486874136509,49.0,0.0020003852459831778,20181,0.75914
Cologne,8422,NetCologne GmbH,DE,North Rhine-Westphalia,50.07748823032955,24.90486350021335,12.015,0.010597151520088813,20178,0.539521
Jabalpur,55836,Reliance Jio Infocomm Limited,IN,Madhya Pradesh,41.8551382202912,3.0549111540597296,41.072,3.8783571059485484e-05,20164,0.75914
Jodhpur,45609,Bharti Airtel Ltd. AS for GPRS Service,IN,Rajasthan,49.70204231750508,5.274345599789445,34.404,0.0005509263429373193,20137,0.773028
Ottawa,577,Bell Canada,CA,Ontario,134.6678756500372,58.33384582969461,14.573,0.00016379694863882704,20131,0.95098
Ashburn,55256,Netskope Inc,US,Virginia,115.54080548028817,19.6100294639552,0.523,0.0006056422854555368,20124,0.871499
Accra,29614,Ghana Telecommunications Company Limited,GH,Greater Accra Region,3.9112333031191446,5.239835721314973,175.298,0.001222283983132481,20068,0.296847
San Diego,21928,"T-Mobile USA, Inc.",US,California,70.57489872928436,8.158648230930948,16.404,7.524853275015457e-05,20066,0.773028
Butuan,4775,Globe Telecoms,PH,Caraga,5.484580067366874,1.7257541926200768,92.586,0.007151468936450852,20048,0.366453
Gurugram,45609,Bharti Airtel Ltd. AS for GPRS Service,IN,Haryana,21.247840105302753,2.40094435797607,24.051,0.000322156970984112,20041,0.630638
Kolkata,132115,INDINET SERVICE PRIVATE LIMITED,IN,West Bengal,31.359697310117117,27.813522712194015,42.383,0.018731021405494062,20025,0.668022
Perugia,30722,Vodafone Italia S.p.A.,IT,Umbria,38.93534646434959,6.136828352709407,28.209,0.0,19988,0.773028
Yeongdeungpo-gu,17853,LGTELECOM,KR,Seoul,64.51178571284781,11.853992807571798,73.331,0.0,19965,0.780812
Dallas,55256,Netskope Inc,US,Texas,113.21117399770552,22.358594984120266,0.23,0.0006347819254204367,19954,0.871499
Hanover,3320,Deutsche Telekom AG,DE,Lower Saxony,57.5825799068896,21.187593674437952,16.215,0.0,19896,0.822479
Toronto,22616,"ZSCALER, INC.",CA,Ontario,90.46511258930396,45.74822276670599,0.263,0.0,19887,1.0
Sonīpat,55836,Reliance Jio Infocomm Limited,IN,Haryana,27.956850577511343,2.529055912227314,53.765,0.0004000481622745187,19872,0.717473
Ottawa,812,Rogers Communications Canada Inc.,CA,Ontario,166.55231954064845,32.624630812995385,34.492,1.693751696222739e-05,19829,0.95098
Naaldwijk,49981,WorldStream B.V.,NL,South Holland,60.562929770714774,4.037939816828609,1.0,0.08211967766699343,19818,0.525201
Makassar,7713,PT Telekomunikasi Indonesia,ID,South Sulawesi,9.219243068144397,5.854225821609343,14.749,0.035940657812401876,19803,0.219933
Manchester,62240,Clouvider Limited,GB,England,121.73524988979388,21.399634240877823,11.0,7.636269224307772e-05,19723,0.822479
Berlin,15366,"DNS,NET Internet Service GmbH",DE,State of Berlin,80.58390225044992,42.60077885881504,24.951,0.0029109545193098467,19720,0.95098
Montreal,1403,EBOX,CA,Quebec,144.44148770438858,116.58161360637246,9.098,0.00347254842312619,19685,1.0
Tarlac City,17639,Converge ICT Solutions Inc.,PH,Central Luzon,43.47082829220999,28.468424700416517,35.393,0.001005665702701095,19649,0.95098
Edmonton,6327,Shaw Communications Inc.,CA,Alberta,170.41478519280892,73.99989000305791,30.951,8.432069582500011e-05,19644,0.95098
Ibadan,36873,Airtel Networks Limited,NG,Oyo State,4.109382913307473,3.313952966306896,139.425,0.04373065987800232,19644,0.0
San Francisco,7018,"AT&T Services, Inc.",US,California,91.76225472525158,37.678699959210476,11.754,0.00023919196562367985,19624,0.95098
Glasgow,5378,Vodafone Limited,GB,Scotland,97.2514365592172,27.232817453186644,29.41,0.00014645214521452146,19570,0.95098
Bacoor,9299,Philippine Long Distance Telephone Company,PH,Calabarzon,44.05056778812976,23.1999584000832,56.141,0.027982241087829533,19529,0.497854
Cape Town,12091,MTN SA,ZA,Western Cape,17.426277659839347,3.5391583127779525,19.358,0.00037685949266224943,19521,0.630638
Adelaide,4804,Microplex PTY LTD,AU,South Australia,51.18606554499091,12.888915153320452,24.425,0.0,19516,0.822479
Dallas,11427,Time Warner Cable Internet LLC,US,Texas,185.75958604808278,48.09084112452308,10.591,0.00016214239942522593,19483,0.95098
Aryanah,37693,OOREDOO TUNISIE SA,TN,Ariana Governorate,18.186925353218022,9.2563153516332,19.836,0.0013392418889068337,19474,0.644527
Brampton,577,Bell Canada,CA,Ontario,119.10924302191292,74.01895250434093,7.39,0.0009625188712443868,19458,1.0
Cape Town,11845,Vox Telecom Ltd,ZA,Western Cape,33.27833433810821,27.12767366350574,5.823,0.00696388607307026,19412,0.919118
Berlin,50436,Luxtelecom Ltd,DE,State of Berlin,121.75417007610055,16.82688098173742,28.368,0.0022752104584575898,19398,0.822479
Winnipeg,6327,Shaw Communications Inc.,CA,Manitoba,188.40522873856278,84.528120013495,36.144,9.214545261518136e-05,19301,0.95098
Jeddah,39891,Saudi Telecom Company JSC,SA,Mecca Region,8.979908545893586,3.990224907526017,131.028,0.0005684032920536998,19213,0.282958
Talavera,4775,Globe Telecoms,PH,Central Luzon,7.2010497038659285,1.8395717903803233,75.835,0.0,19206,0.447335
Bengaluru,45820,Tata Teleservices ISP AS,IN,Karnataka,49.23587857214596,23.026599413230738,10.231,0.017101663235453462,19205,0.539521
Birmingham,5089,Virgin Media Limited,GB,England,136.16830987140824,29.62839491754286,14.694,0.0008745971763644068,19161,0.95098
Campinas,28649,Desktop Sigmanet Comunicação Multimídia Ltda,BR,São Paulo,92.89039970160627,65.36668758315554,6.056,0.0036917192378126424,19136,1.0
Santo Domingo,6400,"Compañía Dominicana de Teléfonos, C. por A. - CODETEL",DO,Nacional,14.888299120099719,19.762816714761442,44.686,0.09576498580379564,19126,0.41102
Vancouver,6327,Shaw Communications Inc.,CA,British Columbia,125.71636491840869,68.62204547718162,14.731,5.68277976052299e-05,19063,0.95098
Paranaque City,9299,Philippine Long Distance Telephone Company,PH,Metro Manila,24.037893717106623,35.19081218729932,60.155,0.06468127148453291,19052,0.497854
Glasgow,206067,Hutchison 3G UK Limited,GB,Scotland,98.96581372746715,4.077936456193891,20.736,0.0,19015,0.75914
Accra,14593,Space Exploration Technologies Corporation,GH,Greater Accra Region,27.372011323936825,6.4572097130269315,23.252,0.015206215545604994,19014,0.49007
San Francisco,46375,Sonic Telecom LLC,US,California,183.9074601860184,126.56544663768618,5.593,0.00024510380155481285,19007,1.0
Seoul,17853,LGTELECOM,KR,Seoul,88.68321795349715,14.370190565893775,77.309,0.0,18978,0.780812
Porto,2860,"NOS COMUNICACOES, S.A.",PT,Porto,47.04559482870739,20.30892184234229,28.003,0.00023745221864357444,18952,0.822479
Gangnam-gu,17853,LGTELECOM,KR,Seoul,80.2007436393934,14.523247293282283,72.473,0.0,18951,0.780812
Coventry,206067,Hutchison 3G UK Limited,GB,England,108.73127789336225,4.310170632027398,5.767,0.0,18946,0.808159
Iligan,9299,Philippine Long Distance Telephone Company,PH,Northern Mindanao,22.72006600349978,10.975988556779402,84.173,0.05455103621467676,18930,0.369353
Coimbatore,55836,Reliance Jio Infocomm Limited,IN,Tamil Nadu,22.655596435695855,2.6541416263025845,24.985,2.536160000222426e-05,18899,0.630638
Kāko,45609,Bharti Airtel Ltd. AS for GPRS Service,IN,Bihar,49.770001752561804,5.789996549058321,80.908,0.005441263199583296,18897,0.650479
Samāstipur,45609,Bharti Airtel Ltd. AS for GPRS Service,IN,Bihar,44.52915202570629,5.352048554780121,70.811,0.004391251987752292,18865,0.731362
Anantapur,24560,"Bharti Airtel Ltd., Telemedia Services",IN,Andhra Pradesh,35.36084830773857,17.503350426882054,34.88,0.08509652308047107,18858,0.539521
Salé,36925,MEDITELECOM,MA,Rabat-Salé-Kénitra,17.990936398681278,8.793167895701357,44.573,0.06812253355578766,18855,0.361569
Ghaziabad,45609,Bharti Airtel Ltd. AS for GPRS Service,IN,Uttar Pradesh,44.517041129608366,3.927719096351705,17.684,0.00040000962876075174,18820,0.75914
New York,14593,Space Exploration Technologies Corporation,US,New York,111.32651411531577,10.883546176861067,19.99,0.009597181836884907,18820,0.741597
Puebla City,8151,Uninet S.A. de C.V.,MX,Puebla,34.05112695074952,25.920323465001637,56.0,0.012494307473259983,18811,0.626356
Dresden,3209,Vodafone GmbH,DE,Saxony,59.64622249011099,17.177099236030593,21.996,0.0,18805,0.822479
Bengaluru,45271,Idea Cellular Limited,IN,Karnataka,11.25502398476029,3.5607082179166585,108.046,0.015490237099332145,18801,0.141636
Delhi,17488,Hathway IP Over Cable Internet,IN,National Capital Territory of Delhi,55.032857486302845,41.98978365516826,6.338,0.05116682249625009,18767,0.717042
Turin,16232,TELECOM ITALIA SPA,IT,Piedmont,32.14994612998298,5.796034092346521,23.168,1.3384211473797979e-05,18740,0.773028
Baguio City,17639,Converge ICT Solutions Inc.,PH,Cordillera,45.42071549289353,31.141375899341725,36.716,0.001583414584831741,18682,0.95098
Roorkee,55836,Reliance Jio Infocomm Limited,IN,Uttarakhand,23.21936181773936,18.487683073469377,37.893,0.05376886943910453,18667,0.41102
Turin,30722,Vodafone Italia S.p.A.,IT,Piedmont,51.42562406874533,15.570357853457251,10.394,0.0,18662,0.822479
Bandung,24203,PT Excelcomindo Pratama (Network Access Provider),ID,West Java,9.728644575647884,5.986813339778599,22.0,0.008181551038112956,18657,0.422009
Meerut,45271,Idea Cellular Limited,IN,Uttar Pradesh,6.067723744744078,2.319222736017457,232.185,0.11153779553178426,18645,0.0
General Trias,132199,Globe Telecom Inc.,PH,Calabarzon,42.189348311294594,19.566547579298497,58.913,0.0037877146119008618,18623,0.780812
City of London,25369,Hydra Communications Ltd,GB,England,101.49028068738855,16.54353194042937,0.567,0.0003077192536924165,18609,0.871499
Hazaribagh,55836,Reliance Jio Infocomm Limited,IN,Jharkhand,25.421347167672874,4.948381755351487,43.319,0.0011182854367721884,18591,0.75914
Manchester,206067,Hutchison 3G UK Limited,GB,England,103.70110420174835,5.300205067632873,8.012,0.0,18517,0.822048
Izmir,47331,TTNet A.S.,TR,İzmir Province,28.98344587487661,10.175941742209838,77.0,0.05577364745516212,18462,0.497854
Denver,14593,Space Exploration Technologies Corporation,US,Colorado,123.40602426662788,11.61894235400471,19.0,0.006621689459730108,18456,0.741597
Morādābād,24560,"Bharti Airtel Ltd., Telemedia Services",IN,Uttar Pradesh,32.46896090289447,26.34611633981177,15.0,0.08311454656892991,18444,0.668022
Ahmedabad,55836,Reliance Jio Infocomm Limited,IN,Gujarat,28.498531313637905,10.567931150551468,28.922,0.004162720804864027,18378,0.822479
Manila,135607,Infinivan Incorporated,PH,Metro Manila,28.72376975842529,19.093992499224,45.793,0.06806786605116062,18371,0.539521
Florence,3269,Telecom Italia S.p.a.,IT,Tuscany,43.26542900199619,16.365469490610188,29.487,0.0006221965413649757,18340,0.822479
Aryanah,37705,TOPNET,TN,Ariana Governorate,9.500565835005373,1.1749567307096163,46.0,0.0439058025282642,18303,0.206044
Antwerp,5432,Proximus NV,BE,Flanders,65.9220673656239,26.747677423264225,11.729,0.0133328311551354,18297,0.668022
Bangkok,132061,Realmove Company Limited,TH,Bangkok,14.384388892197617,4.524509060336279,28.601,0.011198010751477895,18267,0.34768
Milwaukee,10796,Time Warner Cable Internet LLC,US,Wisconsin,160.41537108524454,18.932512284928755,13.429,0.0003227364310168903,18258,0.822479
Delhi,133648,MNR Broadband Services Pvt. Ltd.,IN,National Capital Territory of Delhi,57.007933855718385,34.916345996637055,8.104,0.012637541569445779,18256,0.717042
Pasig,17639,Converge ICT Solutions Inc.,PH,Metro Manila,54.4451641121751,28.507213502803683,32.243,0.006956892761345277,18188,0.870098
Cologne,3320,Deutsche Telekom AG,DE,North Rhine-Westphalia,57.23347391199658,20.68580821656988,17.898,8.31233341503906e-06,18124,0.822479
Zamboanga City,9299,Philippine Long Distance Telephone Company,PH,Zamboanga Peninsula,30.402577159139938,18.72503351244973,88.663,0.03801586980518167,18107,0.497854
Marrakesh,36925,MEDITELECOM,MA,Marrakesh-Safi,6.695088560022059,0.779212234290038,53.071,0.024933494591996733,18107,0.164377
Dar es Salaam,37133,Airtel Tanzania,TZ,Dar es Salaam Region,8.219024576376858,6.083272930853,71.262,0.07072470468673842,18078,0.178266
Toronto,11814,DISTRIBUTEL COMMUNICATIONS LTD.,CA,Ontario,122.0430579511108,90.32469383463365,8.471,0.0005991647039606254,18038,1.0
Dortmund,3209,Vodafone GmbH,DE,North Rhine-Westphalia,50.657510601232204,11.712649339746386,15.521,1.6029608385034637e-05,18010,0.822479
Auckland,45177,Devoli,NZ,Auckland,105.52245674488037,57.91357606423936,12.969,0.004086101054853819,17975,0.95098
Milan,29447,ONLINE S.A.S.,IT,Lombardy,154.2143032719439,96.73932530521412,6.843,9.47776140850685e-06,17969,1.0
Palembang,4761,INDOSAT Internet Network Provider,ID,South Sumatra,6.759051329382507,4.014096219235768,48.362,0.024555697424694156,17952,0.206044
Cagayan de Oro,9299,Philippine Long Distance Telephone Company,PH,Northern Mindanao,31.275684938270906,15.412824991402761,82.748,0.037183609155410635,17862,0.497854
Oakland,7018,"AT&T Services, Inc.",US,California,93.18231807978242,33.9419986431133,7.791,0.0,17745,1.0
Curitiba,8167,Brasil Telecom S/A - Filial Distrito Federal,BR,Paraná,93.7603171158775,78.77177667055832,9.054,3.657226123064225e-05,17711,1.0
Ho Chi Minh City,45899,VNPT Corp,VN,Ho Chi Minh,42.533563205472454,28.286122686718645,44.611,0.01941791927992543,17675,0.668022
Milwaukee,21928,"T-Mobile USA, Inc.",US,Wisconsin,103.71983040059175,11.633737398402518,28.903,6.684968825163838e-06,17648,0.822479
Hyderabad,9829,National Internet Backbone,IN,Telangana,12.858489031810985,2.6171915122367975,32.732,0.005926195502056096,17646,0.549756
Cologne,6805,Telefonica Germany GmbH & Co.OHG,DE,North Rhine-Westphalia,20.446158238146,7.3460930006135845,21.859,0.0,17634,0.644527
City of London,2856,British Telecommunications PLC,GB,England,65.41095890133955,20.82105116635154,10.273,0.0019984638346198322,17607,0.822479
Auckland,14593,Space Exploration Technologies Corporation,NZ,Auckland,84.6292217879535,11.262754127042571,23.856,0.008512863479086067,17592,0.741597
Oakland,7922,"Comcast Cable Communications, LLC",US,California,131.59235471348774,33.34615196923527,7.919,7.827548617192633e-06,17587,1.0
Ankara,20978,AVEA Iletisim Hizmetleri A.S.,TR,Ankara,11.108245130283674,5.31605751854412,86.866,0.0006646531399651826,17546,0.60286
Gurugram,9498,BHARTI Airtel Ltd.,IN,Haryana,31.47549476448408,14.033843342466318,16.07,0.05202940834645218,17514,0.539521
Dublin,14593,Space Exploration Technologies Corporation,IE,Leinster,90.1650954539489,10.199108107002761,30.096,0.010434834164200416,17509,0.539521
Bandung,9341,PT Indonesia Comnets Plus,ID,West Java,14.39077393568431,16.130154562242645,21.702,0.0714830782594434,17479,0.41102
Limassol,6866,Cyprus Telecommunications Authority,CY,Limassol District,91.80373267995286,61.57512224710284,12.575,0.006410292748729967,17479,0.870098
Manila,10139,"Smart Broadband, Inc.",PH,Metro Manila,6.422045230984922,1.9765130901538832,69.805,0.008881248188140125,17460,0.366453
Semarang,7713,PT Telekomunikasi Indonesia,ID,Central Java,11.334357611727333,8.334138816982016,12.681,0.025261976473621613,17436,0.361569
Bānkura,55836,Reliance Jio Infocomm Limited,IN,West Bengal,39.65848819038425,2.6897967706013364,64.591,0.00018067810144362944,17382,0.717473
Perth,133612,Vodafone Australia Pty.,AU,Western Australia,37.07931233607486,2.0496912322848813,0.827,0.0014373229217935935,17354,0.808159
Indore,45609,Bharti Airtel Ltd. AS for GPRS Service,IN,Madhya Pradesh,40.93131582832378,4.292175763345039,61.809,0.0010592100135187667,17340,0.717473
Brooklyn,6167,Cellco Partnership DBA Verizon Wireless,US,New York,53.25104121081797,8.505561339521087,20.825,9.625408488920324e-06,17320,0.773028
Sahāranpur,55836,Reliance Jio Infocomm Limited,IN,Uttar Pradesh,26.433556146858226,3.161421427407186,48.242,0.0016203541010421127,17305,0.75914
Fukuoka,2516,KDDI CORPORATION,JP,Fukuoka,43.98582474588181,9.01305945132606,54.309,0.0014156638617789867,17284,0.731362
Sydney,133612,Vodafone Australia Pty.,AU,New South Wales,42.131281692323846,3.823273588521445,11.233,0.0,17252,0.75914
Raipur,55836,Reliance Jio Infocomm Limited,IN,Chhattisgarh,27.51206059380077,14.586772850422443,40.586,0.03729428037068233,17229,0.539521
Düsseldorf,6805,Telefonica Germany GmbH & Co.OHG,DE,North Rhine-Westphalia,20.72535518035166,8.324742419579051,28.236,0.0,17223,0.644527
Karnāl,45609,Bharti Airtel Ltd. AS for GPRS Service,IN,Haryana,32.018859167855915,5.1626721083118845,29.175,0.0003735827170785651,17220,0.773028
Ankara,16135,TURKCELL ILETISIM HIZMETLERI A.S.,TR,Ankara,18.519128245492407,6.874615112008505,87.933,0.0,17213,0.60286
Curitiba,28573,CLARO S.A.,BR,Paraná,92.91860357792383,37.77048495739964,24.426,0.0021671058867285416,17187,0.95098
Jatiluhur,4761,INDOSAT Internet Network Provider,ID,West Java,9.517044407091827,8.585750301324126,20.755,0.02310601973592944,17093,0.219933
San Antonio,21928,"T-Mobile USA, Inc.",US,Texas,72.80189497014466,7.594850174046007,26.963,0.0,17091,0.773028
St Louis,7018,"AT&T Services, Inc.",US,Missouri,203.02524805039872,114.53666193135511,10.445,0.00207915225071108,17036,0.95098
Depok,63859,PT. Eka Mas Republik,ID,West Java,18.496749160883763,16.253296257529836,25.148,0.051709720800874034,17025,0.41102
Athens,25472,WIND HELLAS TELECOMMUNICATIONS SA,GR,Attica,46.378679496106855,9.180762350953577,13.458,0.0014609960899169797,17020,0.773028
Perth,38195,Superloop,AU,Western Australia,106.96662824466229,36.672095602062335,5.006,0.00016973812174265158,17012,1.0
Kampala,20294,MTN Uganda,UG,Central Region,17.127262897690766,9.645942851428714,29.04,0.027471429316454125,17011,0.361569
Tasikmalaya,7713,PT Telekomunikasi Indonesia,ID,West Java,17.21906209455051,9.257553824760445,10.812,0.0059739276459181345,16995,0.563645
Bogor,7713,PT Telekomunikasi Indonesia,ID,West Java,21.821728412246795,13.557114664065441,6.685,0.005179875941168542,16993,0.662115
Tacoma,7922,"Comcast Cable Communications, LLC",US,Washington,173.76476965413804,36.07966602723953,10.155,0.00018544893748771707,16991,0.95098
Toronto,20365,Globalive Wireless Management Corp.,CA,Ontario,29.148449831196153,4.3989027161514995,27.748,0.0001765360237222168,16985,0.75914
Florence,1267,Wind Telecomunicazioni SpA,IT,Tuscany,40.79748992401612,16.237578979315007,16.104,0.0004983705137643964,16920,0.822479
Adelaide,4764,Aussie Broadband,AU,South Australia,95.04697089012586,27.402140212081214,12.93,0.001915975489178772,16864,0.95098
Lyon,15557,SFR SA,FR,Rhône-Alpes,114.89076387823023,10.25012568516915,15.954,0.0,16820,0.822479
Mumbai,134674,TATA SKY BROADBAND PRIVATE LIMITED,IN,Maharashtra,91.08483767189324,62.80445650618483,4.825,4.7489770695147516e-06,16788,1.0
Pretoria,37611,Afrihost (Pty) Ltd,ZA,Gauteng,39.828937414897375,23.68450781971481,6.0,0.0016613581818193802,16783,0.871499
Sacramento,7018,"AT&T Services, Inc.",US,California,92.77520993320893,30.829959887846368,12.134,0.00012508429152248643,16750,0.95098
Bardhaman,55836,Reliance Jio Infocomm Limited,IN,West Bengal,19.480461056207446,9.596917786473918,50.242,0.03807979905970933,16740,0.319902
Hanumāngarh,55836,Reliance Jio Infocomm Limited,IN,Rajasthan,22.069223804858314,6.319230978460869,61.333,0.03303347421914975,16727,0.319902
Iloilo City,132199,Globe Telecom Inc.,PH,Western Visayas,22.81388683595706,15.713478835736792,73.859,0.03581698448208634,16590,0.369353
Athens,6799,Ote SA (Hellenic Telecommunications Organisation),GR,Attica,72.22594584735893,18.067262074099776,6.656,0.0008087752110397816,16577,0.871499
Hayward,7922,"Comcast Cable Communications, LLC",US,California,180.5958112272548,36.36020104635142,8.622,5.835953622102936e-05,16556,1.0
Bari,1267,Wind Telecomunicazioni SpA,IT,Apulia,29.209330345945727,10.406416013915056,69.852,0.0010380259814411325,16548,0.780812
Hanoi,18403,The Corporation for Financing & Promoting Technology,VN,Hanoi,31.5849025624206,23.481092605249827,178.425,0.011846657482325334,16533,0.333477
Las Vegas,22773,Cox Communications Inc.,US,Nevada,114.67297553586573,21.793437657112573,19.408,0.007037092295042808,16506,0.741597
Madurai,24309,Atria Convergence Technologies Pvt. Ltd.  Broadband Internet Service Provider INDIA,IN,Tamil Nadu,67.55166318740153,35.1427730291434,16.706,0.04970084110562507,16488,0.668022
Baltimore,7922,"Comcast Cable Communications, LLC",US,Maryland,144.80035260491698,31.61719083173506,9.785,0.00019955067819152057,16465,1.0
Turin,1267,Wind Telecomunicazioni SpA,IT,Piedmont,85.11056636717142,25.805273510775564,12.274,0.0006279447617853955,16450,0.95098
Fort Worth,7018,"AT&T Services, Inc.",US,Texas,149.99302596001542,78.87249750832052,6.614,2.228422904712475e-05,16392,1.0
Lagos,37148,Globacom Limited,NG,Lagos,6.556935057829546,1.8951014044555086,28.554,0.0016650774097461143,16376,0.489002
Puducherry,45609,Bharti Airtel Ltd. AS for GPRS Service,IN,Union Territory of Puducherry,48.49328804095114,2.393092253124719,40.4,0.0005194969798370235,16371,0.75914
Glasgow,5607,Sky UK Limited,GB,Scotland,65.51125053061465,23.99088176868728,23.632,0.019267569555810153,16348,0.539521
Santa Clara,7922,"Comcast Cable Communications, LLC",US,California,233.18500471246466,39.52636098220849,8.07,7.407094644621106e-05,16340,1.0
Lyon,51207,Free Mobile SAS,FR,Rhône-Alpes,26.994348557206965,2.926948303553162,38.439,0.0,16339,0.75914
Scarborough,577,Bell Canada,CA,Ontario,200.47259158702852,134.31848925231364,5.032,0.000724759421729136,16338,1.0
Sousse,37705,TOPNET,TN,Sousse Governorate,10.172843240699727,1.7149004791826388,39.114,0.031156073197475695,16326,0.34768
Oakland,21928,"T-Mobile USA, Inc.",US,California,75.8866853348575,7.537469855277331,19.989,8.83964609789895e-05,16325,0.773028
Spokane,7922,"Comcast Cable Communications, LLC",US,Washington,139.2737551351192,37.07038094692387,25.291,0.012335957379117616,16322,0.668022
Purbalingga,7713,PT Telekomunikasi Indonesia,ID,Central Java,10.814518676407333,5.601100878128507,13.255,0.006905816605509865,16321,0.563645
Oakland,6167,Cellco Partnership DBA Verizon Wireless,US,California,53.559276410372334,6.35251224577891,20.209,1.7588100385890184e-05,16317,0.773028
Bandar Lampung,7713,PT Telekomunikasi Indonesia,ID,Lampung,18.051903282546295,7.981753702179268,17.633,0.003985869077564931,16308,0.644527
Ho Chi Minh City,7552,Viettel Group,VN,Ho Chi Minh,55.11715924412446,40.65485534962989,43.548,0.008750948763095125,16298,0.870098
Manchester,2856,British Telecommunications PLC,GB,England,52.0943455147143,13.741020199819223,7.812,0.0,16288,0.871499
Seattle,6167,Cellco Partnership DBA Verizon Wireless,US,Washington,36.25985026213663,5.392288156684208,22.673,0.00023954592268461025,16283,0.773028
Pune,45271,Idea Cellular Limited,IN,Maharashtra,6.602813220707415,1.9004060748022424,154.648,0.05240420186004248,16269,0.0
Dimāpur,55836,Reliance Jio Infocomm Limited,IN,Nagaland,19.67247110663291,2.6503854717234905,78.275,0.002179356946335487,16224,0.588971
Melbourne,53813,"ZSCALER, INC.",AU,Victoria,57.048600115477896,18.19609036847943,1.061,0.0,16211,0.871499
Surabaya,4761,INDOSAT Internet Network Provider,ID,East Java,11.25444792431771,9.235239841605251,23.24,0.018270993450331976,16202,0.361569
Kanpur,133982,Excitel Broadband Private Limited,IN,Uttar Pradesh,64.59183911834447,39.003959582577835,39.833,0.030914012352620226,16162,0.668022
Staten Island,701,"MCI Communications Services, Inc. d/b/a Verizon Business",US,New York,185.17799876590354,86.8151201787032,5.852,0.0036573626226254286,16154,1.0
Mannheim,6805,Telefonica Germany GmbH & Co.OHG,DE,Baden-Wurttemberg,23.504185972959284,6.407344065160939,18.094,0.0,16127,0.644527
Los Angeles,14593,Space Exploration Technologies Corporation,US,California,87.76677668706851,8.88253956444461,19.202,0.007256564001700313,16092,0.692146
Melbourne,136994,Southern Phone Company Ltd,AU,Victoria,91.78942442161915,23.557901639724577,6.761,0.0021855639738178113,16087,0.871499
Tangier,36884,Wana Corporate,MA,Tanger-Tetouan-Al Hoceima,8.265431136685876,0.8256983367587143,46.443,0.03926680677857884,16079,0.206044
Zurich,3303,Swisscom (Switzerland) Ltd,CH,Zurich,93.67488665872544,47.93827953565654,9.992,0.00011878406357143786,16059,1.0
Lyon,3215,Orange S.A.,FR,Rhône-Alpes,170.55338127283,46.39837736080743,23.333,0.0,16013,0.95098
Alwar,55836,Reliance Jio Infocomm Limited,IN,Rajasthan,15.933396750452504,3.3871755633894436,58.315,0.0027905877177480908,16003,0.588971
Milan,62044,Zscaler Switzerland GmbH,IT,Lombardy,30.274386017980188,8.775012994399658,0.365,0.0,15992,0.822048
Fort Worth,20115,Charter Communications,US,Texas,227.9043064382592,53.54233745667966,9.394,1.6229104019859403e-05,15988,1.0
Lima,262210,VIETTEL PERÚ S.A.C.,PE,Lima Province,14.717189422305665,4.879431909226435,26.75,0.001362542410533303,15974,0.630638
Minsk,6697,Republican Unitary Telecommunication Enterprise Beltelecom,BY,Minsk City,36.06291736091403,27.322952120229285,30.079,0.013417862981011334,15967,0.668022
Perth,9443,Primus Telecommunications,AU,Western Australia,67.12734833229226,18.8445655538837,7.0,4.535529515240225e-05,15964,0.871499
Durban,20011,Internet Solutions,ZA,KwaZulu-Natal,24.57986088826411,18.500535568722785,19.0,0.029865385756127013,15949,0.41102
Valencia,15704,XTRA TELECOM S.A.,ES,Valencia,89.39054033609656,77.22005983338371,26.47,0.0010760166306698878,15940,0.95098
Tirunelveli,9829,National Internet Backbone,IN,Tamil Nadu,46.048918377123115,34.1632695754991,25.465,0.0033433681668573415,15923,0.95098
Cosenza,30722,Vodafone Italia S.p.A.,IT,Calabria,40.68418750039374,5.946001465062577,42.519,0.0,15901,0.773028
Wuppertal,6805,Telefonica Germany GmbH & Co.OHG,DE,North Rhine-Westphalia,20.575546536510554,7.3760787773180425,29.145,0.0,15885,0.644527
Bristol,2856,British Telecommunications PLC,GB,England,36.88981434600521,8.67238905522189,15.916,1.9353880653744955e-05,15844,0.773028
Mumbai,136334,Vortex Netsol Private Limited,IN,Maharashtra,40.89774017290485,30.62148199471051,6.319,0.046493809008319016,15748,0.717042
Delhi,135738,Adn Broadband,IN,National Capital Territory of Delhi,51.112921145057356,35.75735903086652,6.998,0.004458534126363292,15723,1.0
Agartala,55836,Reliance Jio Infocomm Limited,IN,Tripura,22.03440335527564,3.40168203964732,78.718,0.002382567988960133,15723,0.588971
Vienna,51265,Mass Response Service GmbH,AT,Vienna,41.04612778194742,13.609686117954913,28.42,0.0006537381348678976,15703,0.822479
Jakarta,38511,PT Remala Abadi,ID,Jakarta,12.560132627487594,9.735183997972817,5.506,0.04852362946233216,15690,0.410589
Orlando,6167,Cellco Partnership DBA Verizon Wireless,US,Florida,49.603901169987004,5.45134008476472,26.958,4.8576522536657136e-05,15681,0.773028
Calgary,14593,Space Exploration Technologies Corporation,CA,Alberta,85.03378861259635,11.168971984597349,19.938,0.008204619160636114,15652,0.741597
Graz,8447,A1 Telekom Austria AG,AT,Styria,47.72784870144218,12.027507139484293,31.676,0.004092736457854293,15627,0.822479
Richmond,7922,"Comcast Cable Communications, LLC",US,California,134.03182211646086,27.802705179619508,12.729,1.6019621960283687e-05,15530,0.95098
Gurugram,45820,Tata Teleservices ISP AS,IN,Haryana,44.906114407428916,21.243195994731614,10.74,0.011894617026749803,15522,0.539521
Greater Noida,133676,Precious netcom pvt ltd,IN,Uttar Pradesh,48.45031716668835,26.93449416277243,10.645,0.03130653376984243,15521,0.668022
Brisbane,4764,Aussie Broadband,AU,Queensland,96.59313311663233,30.029122616601615,18.587,0.002316529826435671,15496,0.95098
Bhilwara,55836,Reliance Jio Infocomm Limited,IN,Rajasthan,45.45196311027667,3.625267677729763,32.0,7.45775223887937e-05,15492,0.75914
Nairobi,36866,Jamii Telecommunications Limited,KE,Nairobi County,19.887443107544726,14.658947709451176,5.773,0.0034527208659641535,15475,0.742997
Denver,55256,Netskope Inc,US,Colorado,108.55771669835119,29.304366260618856,0.371,0.0008548130389407196,15432,1.0
Van Nuys,20001,Time Warner Cable Internet LLC,US,California,226.70950674567413,21.440726888230756,8.656,0.00010658679632942329,15432,0.871499
Bellevue,7922,"Comcast Cable Communications, LLC",US,Washington,168.46294609697767,37.41210446685086,10.592,0.0006260954993598123,15411,0.95098
Olongapo City,17639,Converge ICT Solutions Inc.,PH,Central Luzon,43.16319158304076,27.42052827025012,36.248,0.005833798550500333,15364,0.870098
Zurich,15796,Salt Mobile SA,CH,Zurich,92.69142708181364,56.47088766936056,14.967,2.03134077974901e-05,15353,0.95098
El Jadida,36903,Office National des Postes et Telecommunications ONPT (Maroc Telecom) / IAM,MA,Casablanca-Settat,24.942530263344608,17.253485570468758,53.017,0.04330503566553845,15332,0.369353
Tokyo,4713,NTT Communications Corporation,JP,Tokyo,83.86075194207271,84.55263555248456,7.403,0.021060594260373874,15319,0.717042
Palembang,23693,PT. Telekomunikasi Selular,ID,South Sumatra,19.507871380765312,3.080222929742054,17.873,0.0,15309,0.630638
Reno,20115,Charter Communications,US,Nevada,179.6588351832567,68.2123859790689,26.101,5.689488502999506e-05,15288,0.95098
Kathmandu,17501,WorldLink Communications Pvt Ltd,NP,Bagmati Province,31.060347090494385,21.96250266374547,82.787,0.028674289175470512,15223,0.497854
Porto Alegre,28573,CLARO S.A.,BR,Rio Grande do Sul,91.2211884051392,34.6781188772175,32.0,0.0024897285006623368,15209,0.95098
Milan,210278,Sky Italia srl,IT,Lombardy,61.21603538441816,50.99373131129633,8.071,5.133476954183609e-05,15195,1.0
Madurai,55836,Reliance Jio Infocomm Limited,IN,Tamil Nadu,11.429097775449952,1.5220562632859869,32.94,0.0,15190,0.630638
Los Angeles,55256,Netskope Inc,US,California,114.31336553309447,20.819937945911267,0.365,0.0006669912837122026,15182,0.871499
Makati City,132199,Globe Telecom Inc.,PH,Metro Manila,62.32217307552201,44.88186740523642,53.826,0.004215319243727555,15180,0.909314
Gurugram,38266,Vodafone India Ltd.,IN,Haryana,11.078371489759599,2.064286887027694,148.982,0.003548356899161921,15179,0.424594
Austin,16591,Google Fiber Inc.,US,Texas,288.7387011752878,204.33397444833076,8.178,5.591550969136777e-06,15172,1.0
Denver,6167,Cellco Partnership DBA Verizon Wireless,US,Colorado,60.0222482144041,7.886211495850111,21.122,0.0002463894228436792,15159,0.773028
Cirebon,7713,PT Telekomunikasi Indonesia,ID,West Java,8.036491402598068,5.824348856692972,11.737,0.05524387418497148,15078,0.219933
Sousse,37693,OOREDOO TUNISIE SA,TN,Sousse Governorate,11.286445898904168,5.720335889404321,62.94,0.001487607584492663,15052,0.60286
Warsaw,5617,Orange Polska Spolka Akcyjna,PL,Mazovia,63.87970686267285,38.60917283339878,9.998,0.0,15032,1.0
Virginia Beach,22773,Cox Communications Inc.,US,Virginia,110.28357661621139,22.12887299479064,10.995,0.001004690948934484,15016,0.822479
Bhiwāni,55836,Reliance Jio Infocomm Limited,IN,Haryana,27.037337453834795,2.3476992701232113,54.0,0.00032830495265875003,14946,0.717473
Bacoor,4775,Globe Telecoms,PH,Calabarzon,6.615796757823326,1.7672532281278328,60.024,0.0006828057544334859,14945,0.447335
Innsbruck,8412,T-Mobile Austria GmbH,AT,Tyrol,43.71633509738918,14.97944176316136,30.968,0.00018280644774672615,14917,0.822479
Carmona,4775,Globe Telecoms,PH,Metro Manila,5.945891240278619,1.6408631060827563,64.27,0.00016281905848251243,14908,0.447335
Palermo,30722,Vodafone Italia S.p.A.,IT,Sicily,47.075983080946905,11.396257576389374,47.9,0.0,14903,0.822479
Irvine,22773,Cox Communications Inc.,US,California,200.5148345705017,37.442893867499066,7.614,0.0005348501472186266,14892,1.0
Verona,1267,Wind Telecomunicazioni SpA,IT,Veneto,46.89916148163521,15.825965008841989,21.699,0.00032309488369748873,14874,0.822479
New Delhi,134858,iForce Networks,IN,National Capital Territory of Delhi,54.608064385323146,39.58657948939436,5.522,0.03664116006916646,14873,0.717042
Columbus,54072,Central Community College,US,Nebraska,21.609730819960753,41.11358627113843,19.0,0.0,14871,0.822479
Muzaffarnagar,45609,Bharti Airtel Ltd. AS for GPRS Service,IN,Uttar Pradesh,42.69693665196787,5.946837586068448,22.656,0.00022279109438230372,14810,0.773028
Budapest,5483,Magyar Telekom plc.,HU,Budapest,60.30453229072239,22.896911912306802,31.968,0.0008190711045775756,14799,0.822479
Freiburg im Breisgau,3209,Vodafone GmbH,DE,Baden-Wurttemberg,89.35261650707966,17.770149318804577,21.793,8.794477441483342e-05,14790,0.822479
Winnipeg,7122,MTS Inc.,CA,Manitoba,97.96012716810174,65.39679708150005,38.948,0.009971950613440375,14772,0.870098
Lucknow,18209,Atria Convergence Technologies pvt ltd,IN,Uttar Pradesh,57.647659962592584,38.92437817124242,16.996,0.039288228513286054,14768,0.668022
Markham,812,Rogers Communications Canada Inc.,CA,Ontario,166.2788475152768,47.23758078078534,25.284,1.6085433737722028e-05,14753,0.95098
Kampala,37075,Airtel Uganda Limited,UG,Central Region,11.495135202629982,8.027786394194568,26.838,0.030440131403552898,14748,0.361569
El Paso,11427,Time Warner Cable Internet LLC,US,Texas,242.9818435406822,12.12167469336801,23.322,3.154969935986588e-05,14721,0.822479
Fontana,21928,"T-Mobile USA, Inc.",US,California,42.89055746553767,6.7813371885709985,21.122,0.00028708377546877485,14635,0.773028
Tokyo,2527,So-net Entertainment Corporation,JP,Tokyo,104.64780057607055,89.61346326037187,4.724,0.0032467971952939508,14634,1.0
Honolulu,20001,Time Warner Cable Internet LLC,US,Hawaii,86.2285305158404,11.985923348766294,97.92,3.950301795311472e-05,14627,0.780812
Reutlingen,3209,Vodafone GmbH,DE,Baden-Wurttemberg,80.25259636824346,15.823466642400474,22.0,0.0,14625,0.822479
Houston,6167,Cellco Partnership DBA Verizon Wireless,US,Texas,51.67645209981821,6.083919698934498,27.569,0.0,14618,0.773028
Fremont,7922,"Comcast Cable Communications, LLC",US,California,165.33788137845866,37.84333083472463,8.949,3.615585590890943e-05,14606,1.0
Bologna,16232,TELECOM ITALIA SPA,IT,Emilia-Romagna,33.32695916790262,4.173790784308098,31.287,0.0,14605,0.75914
Athens,3329,VODAFONE-PANAFON HELLENIC TELECOMMUNICATIONS COMPANY SA,GR,Attica,45.5859246600443,9.794018077255545,8.519,0.00038579058411871613,14582,0.822048
Jakarta,13335,"Cloudflare, Inc.",ID,Jakarta,33.30197431045433,2.804247428350019,14.662,0.0,14567,0.75914
Batangas,10139,"Smart Broadband, Inc.",PH,Calabarzon,3.352585547051498,1.210990246136554,82.646,0.011259767625328798,14551,0.164377
New Delhi,55824,NKN Core Network,IN,National Capital Territory of Delhi,40.47021816740738,15.584259036114458,33.972,0.0034182822066386154,14545,0.822479
Hamburg,8881,1&1 Versatel Deutschland GmbH,DE,Hamburg,49.62662151383272,21.267554771912366,10.144,0.0001346342882370307,14538,0.822479
Jeddah,43766,MTC KSA,SA,Mecca Region,17.259079676510947,6.591397961289786,134.329,0.0014933546792676537,14534,0.438483
Bursa,9121,Turk Telekomunikasyon Anonim Sirketi,TR,Bursa Province,22.15670698447042,8.05100528808472,73.878,0.05165341277036653,14490,0.319902
Nuremberg,3320,Deutsche Telekom AG,DE,Bavaria,54.57486062735918,18.207544539671563,21.734,0.00028336015009117524,14484,0.822479
Delhi,45271,Idea Cellular Limited,IN,National Capital Territory of Delhi,11.531103956703713,1.819765706398299,94.449,0.0009916131036295428,14438,0.588971
The Bronx,701,"MCI Communications Services, Inc. d/b/a Verizon Business",US,New York,265.0717427747309,123.37307363326181,4.429,0.0034612662081797488,14416,1.0
Campinas,26599,TELEFÔNICA BRASIL S.A,BR,São Paulo,24.922137204818885,4.580295323466819,11.73,9.14941724116873e-06,14392,0.630638
Belgrade,9125,"Drustvo za telekomunikacije Orion telekom doo Beograd, Gandijeva 76a",RS,Belgrade,40.934640745497425,24.91588100247178,7.662,0.0042651274091333475,14371,0.871499
Mississauga,577,Bell Canada,CA,Ontario,65.99531303354439,10.59473653317393,13.117,0.006948879047577676,14365,0.741597
Pretoria,12091,MTN SA,ZA,Gauteng,18.706399423907826,4.728835173709534,18.0,1.3685134361102699e-05,14357,0.630638
Tarlac City,9299,Philippine Long Distance Telephone Company,PH,Central Luzon,36.30760590497405,21.322530696914047,37.086,0.024353190968737084,14327,0.539521
Adelaide,38195,Superloop,AU,South Australia,104.68472839509383,32.50226266515496,14.108,0.0009474605372674637,14303,0.95098
Manchester,5089,Virgin Media Limited,GB,England,135.4275873640794,31.468860972958097,15.148,0.002143853772590415,14295,0.95098
Taipei,3462,Data Communication Business Group,TW,Taipei City,235.78799186660137,78.72054161066055,8.0,0.004204887976358626,14268,1.0
Kuala Lumpur,9534,Maxis Broadband Sdn Bhd,MY,Kuala Lumpur,17.205976159793813,9.642470301187952,24.404,0.0018609325028702897,14239,0.644527
Kochi,24560,"Bharti Airtel Ltd., Telemedia Services",IN,Kerala,34.907608552924266,20.972332327271296,20.631,0.03824078178481457,14195,0.539521
Abu Dhabi,8966,Emirates Telecommunications Corporation,AE,Abu Dhabi,57.18409255364259,26.716507015129423,24.208,0.008338547395498582,14143,0.870098
Sunnyvale,7922,"Comcast Cable Communications, LLC",US,California,198.47707749626528,34.38030472535081,8.301,1.3003292291555448e-05,14119,1.0
San Pablo,9299,Philippine Long Distance Telephone Company,PH,Calabarzon,41.62313434921137,29.319018524538837,65.418,0.02531817271375823,14091,0.626356
Imus,9299,Philippine Long Distance Telephone Company,PH,Calabarzon,47.9642485782526,27.693757875113906,67.102,0.023147881001878142,14088,0.626356
Jersey City,701,"MCI Communications Services, Inc. d/b/a Verizon Business",US,New Jersey,229.2378744101642,94.76954557667277,4.394,0.003853806267463254,14057,1.0
Johannesburg,37680,Cool Ideas Service Provider (Pty) Ltd,ZA,Gauteng,45.56892279334324,35.86463878296579,4.791,0.004412852845496545,14027,1.0
Vancouver,14593,Space Exploration Technologies Corporation,CA,British Columbia,93.26400151985561,10.542758553035586,24.482,0.01675631974119203,14020,0.539521
Vienna,14593,Space Exploration Technologies Corporation,AT,Vienna,73.17324835362938,9.742176125181997,31.755,0.011987917918727796,13980,0.49007
Blumenau,28343,TPA TELECOMUNICACOES LTDA,BR,Santa Catarina,89.8807895588394,60.76593855327651,5.676,0.0022710823494036182,13979,1.0
Buenos Aires,27747,Telecentro S.A.,AR,Buenos Aires,81.95453679783931,15.539878415288936,9.958,0.001045969568636791,13961,0.871499
Cape Town,37053,RSAWEB (PTY) LTD,ZA,Western Cape,44.17026010126616,24.678737731194932,4.03,0.02256860072013738,13940,0.588541
Leeds,5378,Vodafone Limited,GB,England,115.6897749161158,38.07651693113476,13.212,1.560134037048027e-05,13925,0.95098
New Delhi,38266,Vodafone India Ltd.,IN,National Capital Territory of Delhi,10.613071117627383,1.610444050543496,139.845,0.0005989033934551764,13912,0.424594
Nagaon,45609,Bharti Airtel Ltd. AS for GPRS Service,IN,Assam,44.14548942502901,3.0684667398263885,95.696,0.001892887505551719,13908,0.717473
City of London,8220,COLT Technology Services Group Limited,GB,England,48.03271064550874,19.12086653250007,8.334,0.0,13908,0.871499
Nagpur,55836,Reliance Jio Infocomm Limited,IN,Maharashtra,22.62638556652108,9.489639663918183,40.781,0.007525591971080889,13892,0.563645
Jodhpur,9829,National Internet Backbone,IN,Rajasthan,34.87464589732956,19.47973843085311,21.296,0.00659338160901247,13876,0.741597
Benin City,36873,Airtel Networks Limited,NG,Edo State,7.294666137443206,5.1421270330250985,134.887,0.017675695122451995,13865,0.013889
Nabeul,37492,Orange Tunisie,TN,Nabeul Governorate,11.058792759384149,5.070953826370032,39.521,0.08756232353543651,13859,0.361569
Cuttack,45609,Bharti Airtel Ltd. AS for GPRS Service,IN,Odisha,43.1865079099214,5.20766175762699,53.28,0.005569972656558444,13820,0.650479
Turin,3269,Telecom Italia S.p.a.,IT,Piedmont,54.27653038495942,19.25416698374686,14.0,0.0007801761996943978,13790,0.822479
Madison,20115,Charter Communications,US,Georgia,97.36774445652436,21.186404845769825,27.218,0.0010378658127932088,13786,0.822479
Surat,55836,Reliance Jio Infocomm Limited,IN,Gujarat,25.936385314506435,10.223648336915396,32.439,0.015180320830735575,13770,0.539521
New Delhi,133648,MNR Broadband Services Pvt. Ltd.,IN,National Capital Territory of Delhi,53.81538569416919,32.943581239583246,7.973,0.011891094266386296,13763,0.717042
Nuremberg,3209,Vodafone GmbH,DE,Bavaria,53.47735106762646,15.81010327595869,16.816,0.00010850154098781718,13762,0.822479
Ormoc City,4775,Globe Telecoms,PH,Eastern Visayas,7.693620370989801,1.7491716759111564,90.721,0.0011347554839020873,13661,0.447335
Burnaby,852,TELUS Communications Inc.,CA,British Columbia,152.59826200621757,91.09160157033149,9.709,0.0022245508456220256,13644,1.0
Mumbai,17762,Tata Teleservices Maharashtra Ltd,IN,Maharashtra,38.50663883738621,19.702565914818695,18.723,0.007757195371205338,13633,0.741597
Surrey,6327,Shaw Communications Inc.,CA,British Columbia,138.8944291072924,60.62708198754037,17.086,0.0,13620,0.95098
Santa Monica,20001,Time Warner Cable Internet LLC,US,California,378.45225925642984,22.003396044800752,9.06,0.0008652134703543913,13595,0.871499
San Francisco,21928,"T-Mobile USA, Inc.",US,California,50.440877229038506,6.521709113991998,17.418,0.00010763763398037122,13594,0.773028
Raniganj,45609,Bharti Airtel Ltd. AS for GPRS Service,IN,West Bengal,29.53721915842321,2.765441906097323,36.495,0.002275083864634435,13590,0.75914
Ho Chi Minh City,18403,The Corporation for Financing & Promoting Technology,VN,Ho Chi Minh,46.555403893329675,33.67621702063916,83.856,0.0021036731209821734,13572,0.909314
Boardman,16509,"Amazon.com, Inc.",US,Oregon,122.6500575763842,60.70931490957291,137.425,7.502566731378528e-05,13514,0.744936
Joinville,28343,TPA TELECOMUNICACOES LTDA,BR,Santa Catarina,93.12032995535988,73.05396959862298,6.259,0.0020135830737937252,13493,1.0
Nuremberg,6805,Telefonica Germany GmbH & Co.OHG,DE,Bavaria,22.6763589150479,8.513632277928698,27.667,0.0,13469,0.644527
Augsburg,6805,Telefonica Germany GmbH & Co.OHG,DE,Bavaria,22.58348674788288,5.678639073721507,25.431,0.0,13467,0.644527
Istanbul,34296,MILLENI.COM,TR,Istanbul,25.962334638069663,8.871134899948823,65.0,0.057707902172041234,13457,0.448404
Bristol,5089,Virgin Media Limited,GB,England,127.6914567021006,27.770790630849145,10.149,0.00021304252997017916,13442,0.95098
Cairo,24835,Vodafone Data,EG,Cairo Governorate,11.902968537878294,2.849272351663147,93.0,0.04093981613624853,13433,0.306013
Paris,12876,ONLINE S.A.S.,FR,Île-de-France,19.681571420737743,1.8753443207992861,22.032,0.016696787419415746,13413,0.34768
Kediri,23693,PT. Telekomunikasi Selular,ID,East Java,16.75958186586435,5.749720652961079,14.734,0.0,13392,0.644527
Milwaukee,7018,"AT&T Services, Inc.",US,Wisconsin,120.09051644022392,81.20600038199885,6.777,0.0012183028141858616,13379,1.0
Jeddah,25019,Saudi Telecom Company JSC,SA,Mecca Region,28.81963097917139,20.75765037221243,116.488,0.013100617755771933,13376,0.333477
Bangkok,45758,Triple T Internet/Triple T Broadband,TH,Bangkok,35.80003743988019,13.834783911194677,48.16,0.015651421811383213,13374,0.539521
Cambridge,7922,"Comcast Cable Communications, LLC",US,Massachusetts,173.9907892350009,34.66359576219983,13.071,0.0020449653220385253,13370,0.95098
Mumbai,137166,Digital Satellite Connect Pvt Ltd,IN,Maharashtra,29.58947739051557,22.839388820644963,4.049,0.06680016104667834,13353,0.588541
North York,812,Rogers Communications Canada Inc.,CA,Ontario,119.18537622788104,29.71141098522727,27.127,4.96915954461063e-05,13336,0.95098
Burlington,7992,Cogeco Cable,CA,Ontario,175.56959740198576,59.32313579043957,16.307,0.00046498376304985803,13328,0.95098
Salé,36903,Office National des Postes et Telecommunications ONPT (Maroc Telecom) / IAM,MA,Rabat-Salé-Kénitra,28.01901621632305,21.43014136153664,48.618,0.03161523184119151,13326,0.539521
Manchester,5607,Sky UK Limited,GB,England,80.85080010655821,27.580922217993454,16.0,0.012551038116393421,13303,0.668022
Jaipur,134674,TATA SKY BROADBAND PRIVATE LIMITED,IN,Rajasthan,52.95489816765275,36.68368748454392,9.573,0.06720997319676511,13289,0.717042
Kolkata,45804,MEGHBELA BROADBAND,IN,West Bengal,33.345243538350005,26.385460232636277,48.0,0.027132349227160374,13280,0.668022
Chandigarh,55836,Reliance Jio Infocomm Limited,IN,Chandigarh,29.562955204012667,24.425626850807504,33.466,0.03360719673603935,13276,0.539521
Purnia,9829,National Internet Backbone,IN,Bihar,36.08440726756753,19.111370907925206,53.09,0.015648226799745167,13274,0.497854
Ghent,5432,Proximus NV,BE,Flanders,62.756534317727976,25.675045331951484,12.132,0.015906480121246524,13254,0.668022
Safi,36884,Wana Corporate,MA,Marrakesh-Safi,8.394541413170348,0.6653904030630327,76.219,0.05846290927943536,13253,0.164377
Budapest,21334,Vodafone Hungary Ltd.,HU,Budapest,30.07422825112722,16.41055798944201,25.773,0.0002621497064112577,13248,0.822479
Lucknow,9829,National Internet Backbone,IN,Uttar Pradesh,13.280989432606582,2.499565425900616,34.709,0.002998455341187873,13242,0.630638
Surakarta,4761,INDOSAT Internet Network Provider,ID,Central Java,11.97276456752757,7.326652123456951,39.896,0.012734951836173054,13234,0.361569
Novi Sad,8400,TELEKOM SRBIJA a.d.,RS,Vojvodina,20.249204264421753,7.071557966033091,10.711,0.005353577931203784,13212,0.563645
Dhanbad,45609,Bharti Airtel Ltd. AS for GPRS Service,IN,Jharkhand,47.115583637772225,5.334333586796654,86.352,0.00378603015823798,13202,0.731362
Sleman,23693,PT. Telekomunikasi Selular,ID,Yogyakarta,24.688326665249296,15.269467675931352,13.853,0.008201600258975858,13191,0.613095
Amsterdam,1136,KPN B.V.,NL,North Holland,84.11691382540285,37.429170706195464,10.832,0.0010778748446863985,13185,0.95098
Naples,7922,"Comcast Cable Communications, LLC",US,Florida,234.56200022759313,35.90316397171594,8.695,1.3224955217844599e-05,13182,1.0
San Pablo,17639,Converge ICT Solutions Inc.,PH,Calabarzon,47.89288385887779,35.46854110131668,34.561,0.02978259915750996,13156,0.668022
Madrid,62044,Zscaler Switzerland GmbH,ES,Madrid,56.371677688865475,42.04875748430244,0.473,0.0,13110,1.0
Bengaluru,9498,BHARTI Airtel Ltd.,IN,Karnataka,30.570215422672888,14.071635237194501,19.111,0.04855324662689551,13071,0.539521
Fort Lauderdale,21928,"T-Mobile USA, Inc.",US,Florida,63.71144440554571,7.795568741503588,19.103,8.387264012741397e-05,13026,0.773028
Palermo,1267,Wind Telecomunicazioni SpA,IT,Sicily,25.5038133512793,9.283960937546091,68.496,0.0012504829852439266,13022,0.731362
Niš,8400,TELEKOM SRBIJA a.d.,RS,Nišava,17.522673106441275,5.026540127778838,41.815,0.010456635061716504,13010,0.361569
Oklahoma City,22773,Cox Communications Inc.,US,Oklahoma,143.93462005478648,30.8411157909052,9.755,0.001383275326812894,12991,1.0
Valencia,12430,VODAFONE ESPANA S.A.U.,ES,Valencia,30.899231720739888,17.733156648904895,25.787,5.500972347053695e-05,12972,0.822479
Marseille,51207,Free Mobile SAS,FR,Provence-Alpes-Côte d'Azur,25.317332502486547,2.7404908175446083,44.545,0.0,12966,0.75914
Anaheim,20001,Time Warner Cable Internet LLC,US,California,191.06856062310567,19.961881950925566,9.651,4.8525555493070596e-05,12960,0.871499
Fort Myers,7922,"Comcast Cable Communications, LLC",US,Florida,180.70506724167282,36.83500073949534,8.256,3.9580078411252945e-05,12921,1.0
Birmingham,5378,Vodafone Limited,GB,England,102.93526238205013,50.16578006143721,11.049,1.8166953961477983e-05,12911,0.95098
Alwar,9829,National Internet Backbone,IN,Rajasthan,38.54194107640654,20.861255176737817,18.665,0.0011364688175331706,12909,0.822479
Rohtak,55836,Reliance Jio Infocomm Limited,IN,Haryana,21.115164351371785,2.158284322186185,49.595,4.4090407589391735e-05,12900,0.630638
Alexandria,8452,TE-AS,EG,Alexandria,13.021976181258095,1.5577306778677145,83.153,0.03117519723980472,12900,0.306013
Glasgow,5089,Virgin Media Limited,GB,Scotland,133.8700220644952,28.656448180974625,29.649,0.003277997499127333,12884,0.95098
Scarborough,812,Rogers Communications Canada Inc.,CA,Ontario,235.87915409723948,30.55078324204009,27.0,3.100292748013372e-05,12874,0.95098
Giza,8452,TE-AS,EG,Giza,13.175775495419646,1.7846702566123522,83.388,0.03169819764710377,12843,0.306013
Guatemala City,14754,Telgua,GT,Guatemala,40.44990925862043,15.577718871084668,98.572,0.0007211517885420322,12843,0.780812
Delhi,135799,Rapidnet Private Limited,IN,National Capital Territory of Delhi,59.6149801195955,35.793255658615216,5.693,0.029697996531446644,12822,0.717042
Calamba,9299,Philippine Long Distance Telephone Company,PH,Calabarzon,31.244837578575996,22.197148552997042,58.714,0.029147167950031194,12818,0.497854
London,812,Rogers Communications Canada Inc.,CA,Ontario,219.09444645586507,36.19036301534101,27.19,1.2429657193455383e-05,12810,0.95098
Jakarta,9341,PT Indonesia Comnets Plus,ID,Jakarta,14.564721940745223,15.239155805514521,23.277,0.07435258524771857,12799,0.41102
Santa Ana,21928,"T-Mobile USA, Inc.",US,California,66.92205782252212,6.3924770943835,16.83,0.00010278488770776137,12796,0.773028
Tasikmalaya,58495,PT Parsaoran Global Datatrans,ID,West Java,19.670041197076113,10.162499328751947,16.344,0.09129235667379888,12774,0.41102
Jamshedpur,45609,Bharti Airtel Ltd. AS for GPRS Service,IN,Jharkhand,29.541260675243596,4.14764666982598,85.099,0.004231032520392257,12748,0.717473
Manado,7713,PT Telekomunikasi Indonesia,ID,North Sulawesi,8.383881895556158,3.3978420135021143,81.066,0.039947768826320666,12731,0.164377
Liège,5432,Proximus NV,BE,Wallonia,52.1291283547077,22.07778894657285,15.492,0.017747349354562725,12724,0.539521
Ludhiana,45609,Bharti Airtel Ltd. AS for GPRS Service,IN,Punjab,41.432217346652976,4.986815007210332,34.615,0.0030728950552721176,12696,0.75914
Antalya,47331,TTNet A.S.,TR,Antalya,25.45284823560893,8.297720507988391,87.229,0.060184109520936405,12628,0.448404
Belfast,5607,Sky UK Limited,GB,Northern Ireland,76.83564561706379,29.986653622884496,26.738,0.014713815990719636,12620,0.668022
Noida,134674,TATA SKY BROADBAND PRIVATE LIMITED,IN,Uttar Pradesh,99.15348014985048,62.36747111320169,5.0,0.0719091143166188,12596,0.717042
Katy,7922,"Comcast Cable Communications, LLC",US,Texas,198.95768891882346,40.31701030051483,12.128,3.783340705523929e-05,12558,0.95098
Cagayan de Oro,134788,"Parasat Cable TV, Inc",PH,Northern Mindanao,27.442107344353367,5.643405810883973,51.376,0.08709212836136429,12557,0.448404
Kitchener,812,Rogers Communications Canada Inc.,CA,Ontario,231.744492596515,36.5903371663816,26.851,1.1230641839175142e-05,12542,0.95098
Durban,37611,Afrihost (Pty) Ltd,ZA,KwaZulu-Natal,28.453724472813096,20.333373696679104,16.555,0.01142548741027632,12540,0.539521
Binangonan,45754,Clear Path Networks Inc,PH,Calabarzon,88.10095100837815,24.509263777669336,47.543,0.0014597701425079748,12515,0.822479
Dau,4775,Globe Telecoms,PH,Central Luzon,6.770729394764402,1.7794348366562678,74.401,0.0,12513,0.447335
Padua,30722,Vodafone Italia S.p.A.,IT,Veneto,42.98537088170353,9.771132056151624,21.75,0.0,12483,0.773028
Delhi,17665,AS Number of Indusind Media and communication Ltd.,IN,National Capital Territory of Delhi,51.99562880174848,34.5875805434681,7.61,0.008754589695363546,12476,0.919118
Delhi,134375,Fusionnet Web Services Private Limited,IN,National Capital Territory of Delhi,78.80157061769722,57.73060094727206,5.081,0.043732662200319565,12468,0.717042
Bandung,135478,PT. Cyberindo Aditama,ID,West Java,23.24621896925873,19.823140911399058,8.236,0.05844892151162409,12441,0.460039
Brno,5610,"O2 Czech Republic, a.s.",CZ,South Moravian,67.97894507882089,25.966880602234138,17.606,0.018773056127561638,12400,0.668022
Warsaw,39603,P4 Sp. z o.o.,PL,Mazovia,19.327929853205788,10.422397534762402,17.368,0.00021348341864583587,12368,0.693978
Coventry,5378,Vodafone Limited,GB,England,83.69331223458879,27.057354354116516,11.527,2.4331085394700268e-05,12353,0.95098
Johannesburg,327782,Metrofibre Networx,ZA,Gauteng,38.188196569122866,35.32272878133784,6.077,0.013688356514046835,12353,0.717042
Gwanak-gu,17853,LGTELECOM,KR,Seoul,71.75750630300251,15.279616845978483,84.122,0.0,12335,0.780812
Ringsted,44869,FIBIA P/S,DK,Zealand,262.5900295148248,133.4759775540857,11.703,0.0012406162501378693,12332,0.95098
Lambeth,35228,Telefonica UK Limited,GB,England,44.01733287205198,2.2580539362244645,3.955,0.0,12330,0.808159
Bogotá,19429,ETB - Colombia,CO,Bogota D.C.,78.77932600375718,49.18198199063062,87.214,0.008829621710369316,12324,0.828431
Bogotá,14593,Space Exploration Technologies Corporation,CO,Bogota D.C.,29.2371458050385,5.28498212219308,25.35,0.01450905630638732,12314,0.49007
Concord,7922,"Comcast Cable Communications, LLC",US,California,186.79303968086325,37.348003321106674,9.355,0.00016417890527154787,12312,1.0
Blida,36947,Telecom Algeria,DZ,Blida,24.427728870385703,15.286940024403917,56.049,0.01725336666703324,12263,0.369353
Vicenza,30722,Vodafone Italia S.p.A.,IT,Veneto,45.10235152224904,8.348018948845835,21.056,0.0,12258,0.773028
Gurugram,135031,RI Networks Pvt. Ltd.,IN,Haryana,43.64791144406069,20.019725950685125,13.0,0.06943168771149018,12255,0.539521
Tower Hamlets,56478,Hyperoptic Ltd,GB,England,166.36141291630685,153.18508728974058,3.338,0.0006835961453645214,12254,1.0
Mérida,8151,Uninet S.A. de C.V.,MX,Yucatán,38.62571593740296,30.000438196187694,56.358,0.028130903213583698,12250,0.626356
Milwaukee,6167,Cellco Partnership DBA Verizon Wireless,US,Wisconsin,64.37342840360306,6.796118329904362,26.726,9.614501015852508e-06,12245,0.773028
Antipolo City,9299,Philippine Long Distance Telephone Company,PH,Calabarzon,36.44832778626278,28.744242483636274,59.465,0.04235138209636454,12244,0.626356
Dammam,39891,Saudi Telecom Company JSC,SA,Eastern Province,13.053592548735796,4.18484033298857,94.485,0.00012745910434806024,12234,0.588971
Tuguegarao City,4775,Globe Telecoms,PH,Cagayan Valley,7.522791083418586,1.9160779692569352,84.485,0.0,12231,0.447335
Johannesburg,36994,Vodacom,ZA,Gauteng,25.544798836479018,20.787483824764188,6.997,0.003713079718395385,12220,0.871499
Oakville,7992,Cogeco Cable,CA,Ontario,188.76602777554456,32.104212749230825,14.627,0.0004272720300055839,12197,0.95098
Brisbane,38195,Superloop,AU,Queensland,123.3992901430353,21.011852867997256,20.949,0.0014934879250186057,12185,0.822479
Haiphong,45899,VNPT Corp,VN,Haiphong,91.28265058404946,92.25250944046412,36.009,0.03179436086754348,12175,0.668022
Campinas,28573,CLARO S.A.,BR,São Paulo,49.68777900410167,23.2843337646908,123.433,0.0005473966798999677,12132,0.616435
New York,174,Cogent Communications,US,New York,241.24251869065384,252.33486602245125,1.54,0.0016510072495377177,12111,1.0
Vijayawada,55836,Reliance Jio Infocomm Limited,IN,Andhra Pradesh,21.79227432981818,4.160415338610061,32.896,0.010707084224512413,12108,0.34768
Victoria,852,TELUS Communications Inc.,CA,British Columbia,185.57841892747837,111.76319409535692,12.387,0.0022899915617950726,12107,0.95098
Luton,206067,Hutchison 3G UK Limited,GB,England,94.1986303292049,3.630070043068968,1.388,0.0,12100,0.808159
Guarulhos,262807,Redfox Telecomunicações Ltda.,BR,São Paulo,94.632860220275,47.970300237598096,4.749,0.006785651099461515,12098,0.919118
New York,54113,Fastly,US,New York,114.96765479669051,20.78233950130458,0.694,8.725830123317623e-05,12080,0.871499
San Fernando City,9299,Philippine Long Distance Telephone Company,PH,Central Luzon,54.30043202000769,21.03942366527899,67.191,0.013116367675062867,12077,0.497854
Grand Rapids,7922,"Comcast Cable Communications, LLC",US,Michigan,197.561163336698,37.327563748334256,15.496,0.00029041411444142245,12073,0.95098
Izmir,20978,AVEA Iletisim Hizmetleri A.S.,TR,İzmir Province,10.737977964495744,5.924233188218674,80.491,0.0007958642834782952,12068,0.60286
Heilbronn,3209,Vodafone GmbH,DE,Baden-Wurttemberg,86.64471209455974,19.602755890434327,16.451,5.869996856432541e-05,12066,0.822479
Madrid,6739,"VODAFONE ONO, S.A.",ES,Madrid,142.86017645755086,76.307460369857,7.147,0.000755179995353845,12037,1.0
Ben Arous,37693,OOREDOO TUNISIE SA,TN,Ben Arous Governorate,15.832190111041601,7.410094121470445,24.653,0.0018505549097049942,12019,0.644527
Manchester,5378,Vodafone Limited,GB,England,91.93495439972659,27.512947456092746,18.283,8.027460402041768e-05,12011,0.95098
Vijayawada,17754,Excellmedia,IN,Andhra Pradesh,41.995055605192384,36.30829818272795,20.004,0.00887572993247368,11995,0.870098
Dortmund,3320,Deutsche Telekom AG,DE,North Rhine-Westphalia,57.12891054874069,21.209887347785113,17.955,0.0005775866938317629,11985,0.822479
Lenzburg,6730,Sunrise Communications AG,CH,Aargau,20.194402172742013,8.31992272088871,24.856,5.460664445447007e-06,11982,0.644527
Frankfurt am Main,62044,Zscaler Switzerland GmbH,DE,Hesse,40.04948763379151,22.492700535409064,0.56,0.0,11970,0.871499
Liverpool,5607,Sky UK Limited,GB,England,68.71731217616451,24.94391027916566,27.79,0.01889390233568373,11960,0.539521
Colombo,9329,Sri Lanka Telecom Internet,LK,Western Province,17.403280699901917,5.592589463141654,185.659,0.00960846707808131,11944,0.357601
Maputo,14593,Space Exploration Technologies Corporation,MZ,Cidade de Maputo,25.62803162025197,4.749960975885847,38.055,0.020069927307344186,11943,0.476181
Milan,13335,"Cloudflare, Inc.",IT,Lombardy,47.20045951503741,10.924441023207248,0.924,0.00012358552766068425,11895,0.871499
New Delhi,17488,Hathway IP Over Cable Internet,IN,National Capital Territory of Delhi,54.92272837619645,40.4477223881994,6.514,0.049232211777696405,11879,0.717042
Albuquerque,21928,"T-Mobile USA, Inc.",US,New Mexico,63.94659607796538,10.065319738721046,32.384,0.00042696558141393025,11874,0.822479
Nottingham,5089,Virgin Media Limited,GB,England,160.8314419353468,30.318663754249012,14.872,0.00014053197880757378,11854,0.95098
Bursa,47331,TTNet A.S.,TR,Bursa Province,32.78010292836982,11.010298358806565,81.96,0.0481225365806647,11841,0.497854
Salem,9829,National Internet Backbone,IN,Tamil Nadu,43.63210778394611,28.863041470894053,17.847,0.003326827719498101,11829,0.95098
Haarlem,12876,ONLINE S.A.S.,NL,North Holland,22.93493305639358,0.6058442066208817,10.0,0.01399857658232508,11815,0.34768
Toronto,1403,EBOX,CA,Ontario,173.29915957799219,149.5664328895381,19.12,0.009837139072875548,11813,0.870098
Makati City,17639,Converge ICT Solutions Inc.,PH,Metro Manila,68.3051272303381,26.14343107147575,33.654,0.0118159554326613,11811,0.668022
Riverside,20115,Charter Communications,US,California,194.42827135816074,20.72250987755146,8.257,1.0971173376404153e-05,11809,0.871499
Fort Lauderdale,7018,"AT&T Services, Inc.",US,Florida,115.1555677769182,67.2953283689641,5.673,1.0914214169624651e-05,11797,1.0
Hanover,13045,htp GmbH,DE,Lower Saxony,53.0158714929589,36.292555648933224,7.962,0.003301522686177315,11790,1.0
Seocho-gu,17853,LGTELECOM,KR,Seoul,85.38143679605707,14.593293603084636,79.438,0.0,11751,0.780812
Fes,36925,MEDITELECOM,MA,Fès-Meknès,10.88147205581038,1.992719761083428,42.726,8.366013367063176e-05,11732,0.630638
Centro Municipality,8151,Uninet S.A. de C.V.,MX,Tabasco,31.35961407585318,24.020196349845943,70.624,0.023212690813305587,11692,0.497854
Shimla,45609,Bharti Airtel Ltd. AS for GPRS Service,IN,Himachal Pradesh,34.618881477795924,4.248585437382212,29.049,0.0005295772219648584,11676,0.75914
Bucharest,8708,RCS & RDS SA,RO,București,72.1136814067416,53.11911140168572,36.0,0.006099312281597549,11673,0.870098
Port Harcourt,36873,Airtel Networks Limited,NG,Rivers State,5.79626913058043,1.9821506743542983,151.131,0.08140986792356981,11664,0.0
Gurugram,134337,R2 Net Solutions Pvt Ltd,IN,Haryana,44.23984749753928,31.24521589497059,9.849,0.005922711067964334,11656,0.919118
Riverside,6167,Cellco Partnership DBA Verizon Wireless,US,Alabama,51.05771612381612,6.726795783133133,24.625,0.00014759347532348113,11640,0.773028
Munich,62044,Zscaler Switzerland GmbH,DE,Bavaria,46.07664127648037,20.876457916068635,12.097,0.0,11629,0.822479
Makati City,4775,Globe Telecoms,PH,Metro Manila,55.779799574894625,12.62117060941476,67.504,0.008461576098062184,11618,0.69993
City of London,16509,"Amazon.com, Inc.",GB,England,51.49971702900678,17.373239800696325,13.402,0.0011865477605959617,11609,0.822479
Perth,14593,Space Exploration Technologies Corporation,AU,Western Australia,93.19933611926973,10.011370390861261,20.478,0.008474530415683882,11592,0.741597
Valencia,12479,Orange Espagne SA,ES,Valencia,37.739712470478985,19.91982227345275,19.596,0.0002400737788967292,11565,0.822479
Tokyo,2519,ARTERIA Networks Corporation,JP,Tokyo,108.62607222264111,91.05210733846725,8.751,0.042242641585346366,11564,0.717042
Laval,5769,Videotron Telecom Ltee,CA,Quebec,170.43022502468514,40.27691227386668,6.823,5.4792412864589033e-05,11549,1.0
Meknes,36884,Wana Corporate,MA,Fès-Meknès,7.198158099565781,0.7968085356372354,58.845,0.047327660388182424,11549,0.164377
Liverpool,5089,Virgin Media Limited,GB,England,148.96000985504998,34.79658024752346,28.135,0.013340553379979416,11547,0.668022
Delhi,133652,Zapbytes Technologies Pvt. Ltd.,IN,National Capital Territory of Delhi,52.2963387694487,31.690285254633995,7.419,0.03863293995977651,11536,0.717042
Sfax,37693,OOREDOO TUNISIE SA,TN,Sfax Governorate,9.507769921799744,3.7496140157213413,58.686,0.001780356779068197,11535,0.447335
Coimbatore,9829,National Internet Backbone,IN,Tamil Nadu,42.42962010491076,28.645193366099654,18.109,0.0032557429112675404,11527,0.95098
Carmona,9299,Philippine Long Distance Telephone Company,PH,Calabarzon,39.44482790784442,28.087348810251655,54.624,0.022049738030621897,11516,0.626356
Medellín,13489,EPM Telecomunicaciones S.A. E.S.P.,CO,Antioquia,41.58108674690579,15.858130669551727,113.131,0.020937221426157688,11498,0.333477
Tokyo,53813,"ZSCALER, INC.",JP,Tokyo,35.45938846431312,37.42587095770973,0.557,0.0,11489,1.0
Nador,36903,Office National des Postes et Telecommunications ONPT (Maroc Telecom) / IAM,MA,Oriental,13.49594147876002,8.625862913942449,69.555,0.05238045041495364,11452,0.319902
Santa Clara,7018,"AT&T Services, Inc.",US,California,183.68658846194077,96.83628373651673,11.15,0.0002776059428840877,11450,0.95098
Oran,36947,Telecom Algeria,DZ,Oran,26.01949576212843,16.888447924648712,41.652,0.022034727632734688,11447,0.539521
Boise,11492,"CABLE ONE, INC.",US,Idaho,167.42969768298346,26.502109773838804,22.963,0.0,11445,0.95098
Bangkok,23969,TOT Public Company Limited,TH,Bangkok,45.972959292950726,34.536009079106485,52.781,0.014044498763012225,11441,0.626356
Lancaster,7922,"Comcast Cable Communications, LLC",US,Massachusetts,186.00479435500847,32.81365218893899,22.92,0.0009984512584852371,11426,0.95098
Rohtak,24560,"Bharti Airtel Ltd., Telemedia Services",IN,Haryana,30.032104957338145,21.180576025813675,18.272,0.03216898953223455,11394,0.539521
Los Angeles,9009,M247 Ltd,US,California,70.18705024461254,8.104227713896746,0.4,0.007581071240111704,11389,0.741166
Naperville,7922,"Comcast Cable Communications, LLC",US,Illinois,215.79005065445375,39.73780385367984,8.043,1.9472880462822353e-05,11384,1.0
New Delhi,45271,Idea Cellular Limited,IN,National Capital Territory of Delhi,10.813043002188433,1.803395470972103,103.0,0.002918027167536069,11383,0.424594
Johannesburg,37168,Cell C (Pty) Ltd,ZA,Gauteng,19.120548945410285,6.12161348151739,26.584,0.0016196076795818215,11380,0.644527
Paris,36183,"Akamai Technologies, Inc.",FR,Île-de-France,121.16611832862324,39.593093609720135,1.587,7.409583237405693e-05,11354,1.0
St. Petersburg,33363,"BRIGHT HOUSE NETWORKS, LLC",US,Florida,207.11996747358273,18.298357210863422,13.859,0.0013795680227628724,11354,0.822479
Rome,210278,Sky Italia srl,IT,Lazio,70.68270917960604,23.306541627104306,32.904,0.00035365243486767636,11340,0.822479
Bologna,12874,Fastweb SpA,IT,Emilia-Romagna,55.372874017934905,17.576281486351068,25.455,0.0002600066034553809,11327,0.822479
New Delhi,9829,National Internet Backbone,IN,National Capital Territory of Delhi,43.96229937607277,26.227130900936054,13.499,0.0015674739010076207,11319,0.95098
Naples,12874,Fastweb SpA,IT,Campania,59.4236075562596,22.668408203623027,45.526,0.006172643535781398,11312,0.741597
Chandigarh,45609,Bharti Airtel Ltd. AS for GPRS Service,IN,Chandigarh,42.91066758023415,4.749532130661219,33.777,0.0015323182418876804,11305,0.75914
Edison,6128,Cablevision Systems Corp.,US,New Jersey,240.1123937486221,32.19071558743166,6.747,0.0015014724747724724,11299,1.0
Dortmund,8881,1&1 Versatel Deutschland GmbH,DE,North Rhine-Westphalia,32.092455253208925,6.639124248871332,29.493,0.00016937520100553482,11279,0.773028
Leicester,5089,Virgin Media Limited,GB,England,135.04569617853198,26.86174168543048,15.75,0.00021373085070620175,11269,0.95098
Schmitten,8899,inexio Informationstechnologie und Telekommunikation Gmbh,DE,Hesse,8.856247308240668,75.6017833497625,26.821,0.21674487823114136,11246,0.397885
Reggio Emilia,8612,Tiscali Italia S.P.A.,IT,Emilia-Romagna,15.433967158524668,6.131763932712145,38.181,0.000590434953749262,11238,0.644527
Calgary,812,Rogers Communications Canada Inc.,CA,Alberta,46.3267975739905,5.218175382320179,44.786,0.0003395952564694397,11215,0.773028
Morādābād,45609,Bharti Airtel Ltd. AS for GPRS Service,IN,Uttar Pradesh,47.21813986113226,6.132455868860328,24.445,0.0002763532701440393,11206,0.773028
Baddi,45609,Bharti Airtel Ltd. AS for GPRS Service,IN,Himachal Pradesh,48.82388739090867,5.9547725770152065,29.701,0.0020372105437287836,11200,0.773028
Sutton,206067,Hutchison 3G UK Limited,GB,England,97.30131778775976,3.804174042673996,1.591,0.0,11200,0.808159
Kyiv,15895,"""Kyivstar"" PJSC",UA,Kyiv City,12.94145572389069,6.517512304647871,33.121,0.0,11176,0.644527
Newcastle upon Tyne,206067,Hutchison 3G UK Limited,GB,England,104.65922535286059,3.047771999036406,17.747,0.0,11174,0.75914
Tangerang,23693,PT. Telekomunikasi Selular,ID,Banten,22.031129794543357,8.55880119461348,2.875,0.0,11157,0.693547
Cebu City,4775,Globe Telecoms,PH,Central Visayas,4.114546496295759,1.6678459334494369,84.688,0.027491358517362192,11156,0.164377
Bremen,3320,Deutsche Telekom AG,DE,City state Bremen,56.80344891802538,26.747769045641387,15.864,0.0007145876167702844,11153,0.95098
Santo André,28573,CLARO S.A.,BR,São Paulo,49.13358412634064,25.567456030499972,128.677,0.0001809374408798158,11140,0.744936
Newport,2856,British Telecommunications PLC,GB,England,31.387148872585083,6.269198992568261,20.895,1.6139569382254472e-05,11104,0.773028
Sumaré,28649,Desktop Sigmanet Comunicação Multimídia Ltda,BR,São Paulo,93.00529546348959,66.13723358692889,5.593,0.0036618177444520785,11102,1.0
Nova Friburgo,28658,Gigalink de Nova Friburgo Soluções em Rede Multimi,BR,Rio de Janeiro,174.44803464393738,186.83272473455054,14.0,0.010236406686465672,11097,0.668022
Dammam,25019,Saudi Telecom Company JSC,SA,Eastern Province,36.280501489434904,24.71558356338191,23.477,0.010063826994983312,11091,0.539521
Lyon,5410,Bouygues Telecom SA,FR,Rhône-Alpes,90.81648948742158,21.799354860773484,26.272,0.0,11089,0.822479
Dammam,35819,Bayanat Al-Oula For Network Services,SA,Eastern Province,20.029948978833012,8.690432962094967,38.5,0.0005439354876836233,11083,0.644527
Bogotá,26611,COMCEL S.A.,CO,Bogota D.C.,7.125824194263806,3.3533918584198226,144.868,0.017881665414940958,11082,0.0
Wandsworth,5378,Vodafone Limited,GB,England,88.2527944098105,27.468895540202933,10.987,2.2100581864741887e-05,11074,0.95098
Cairo,36935,Vodafone Data,EG,Cairo Governorate,9.011451978861349,3.2458524923045786,109.077,0.0018165815847212806,11045,0.282958
Lima,21575,ENTEL PERU S.A.,PE,Lima Province,12.886628304957968,10.31262094849961,18.291,0.0,11009,0.693978
Stamford,6128,Cablevision Systems Corp.,US,Connecticut,225.19512374371726,31.05585390998969,6.986,0.004722976332508291,11008,1.0
Milan,16232,TELECOM ITALIA SPA,IT,Lombardy,39.42036479948288,4.311506012633324,20.147,0.0,11008,0.75914
Paris,13335,"Cloudflare, Inc.",FR,Île-de-France,68.58333292120541,20.17289400438276,7.902,2.354738164889755e-05,11005,0.871499
Washington,8075,Microsoft Corporation,US,Virginia,281.09626940780566,257.89964276700175,62.937,0.0,10990,0.909314
Arlington,701,"MCI Communications Services, Inc. d/b/a Verizon Business",US,Massachusetts,253.7444249148138,112.84230655147836,4.739,0.0018592365806978915,10978,1.0
Richmond Hill,812,Rogers Communications Canada Inc.,CA,Ontario,172.45188178744633,38.215372191277375,25.725,4.4170534033935846e-05,10973,0.95098
Bern,15576,NTS workspace AG,CH,Bern,48.2765877501881,18.911658320854198,9.741,0.0015688240169514404,10959,0.871499
Long Beach,5650,"Frontier Communications of America, Inc.",US,California,204.11103122623246,143.92887500456246,5.228,0.0007413409224273609,10958,1.0
Bonn,3320,Deutsche Telekom AG,DE,North Rhine-Westphalia,56.032311205100754,20.864355411243334,16.262,0.0003858401655726201,10949,0.822479
Islington,206067,Hutchison 3G UK Limited,GB,England,106.3034578381875,6.010853511591979,0.923,0.0,10941,0.822048
Mohammedia,36884,Wana Corporate,MA,Casablanca-Settat,9.48811894400717,0.7380312043030708,53.48,0.06532067317851227,10922,0.164377
Bengaluru,36183,"Akamai Technologies, Inc.",IN,Karnataka,55.99174043811826,28.95277196139645,23.631,0.0,10922,0.95098
Yamuna Nagar,55836,Reliance Jio Infocomm Limited,IN,Haryana,18.923696620048474,17.29467423384699,17.202,0.03638726633138757,10908,0.41102
Sydney,14593,Space Exploration Technologies Corporation,AU,New South Wales,87.34068205607977,11.035314054117192,19.79,0.007661447515123525,10895,0.741597
Çankaya,16135,TURKCELL ILETISIM HIZMETLERI A.S.,TR,Ankara,21.21603222435459,7.8693400623555885,90.261,0.0,10875,0.60286
Hull,12390,KCOM Group Public Limited Company,GB,England,112.40835710896103,96.65484021957279,10.633,0.00024603271560271487,10858,0.95098
Ben Arous,37705,TOPNET,TN,Ben Arous Governorate,10.474918587099205,1.3603961675116802,45.973,0.04711861134803684,10834,0.34768
New York,60068,Datacamp Limited,US,New York,72.44398492270969,13.693811061889381,0.938,0.00462764010937219,10807,0.871499
České Budějovice,44489,"STARNET, s.r.o.",CZ,Jihočeský kraj,37.42960728930314,21.35967948625002,11.938,0.002501253939112045,10800,0.822479
Kent,7922,"Comcast Cable Communications, LLC",US,Washington,152.6212437510218,35.18113491018414,9.357,0.00023618450827330822,10783,1.0
Surabaya,23693,PT. Telekomunikasi Selular,ID,East Java,22.712499840353036,9.561703353186587,15.434,0.00013231623811023544,10776,0.644527
Melbourne,134090,X INTEGRATION PTY LTD,AU,Victoria,177.19862551862292,38.854487413763195,5.591,2.1759408043769644e-05,10757,1.0
Lausanne,3303,Swisscom (Switzerland) Ltd,CH,Vaud,91.47963203364071,30.379650178442734,16.054,7.137144385951626e-05,10757,0.95098
Sharjah,8966,Emirates Telecommunications Corporation,AE,Emirate of Sharjah,47.68843988831922,22.342488078493414,20.717,0.012778297894495591,10735,0.539521
Constantine,36947,Telecom Algeria,DZ,Constantine,13.173519882779507,5.0866656973389555,50.451,0.024640602399426798,10733,0.319902
Hamburg,207137,LEXELL MICHAL SZYDLOWSKI,DE,Hamburg,93.68261530686264,18.495987341403815,6.552,5.8056838509640704e-05,10707,0.871499
Almora,9829,National Internet Backbone,IN,Uttarakhand,40.21683080075745,27.37762834112516,17.675,0.0017422507671424592,10664,0.95098
Córdoba,11664,Techtel LMDS Comunicaciones Interactivas S.A.,AR,Cordoba,79.71176275487026,18.245197346140344,13.586,0.0009118697691383623,10615,0.822479
Cologne,3209,Vodafone GmbH,DE,North Rhine-Westphalia,62.15555740631384,19.01098399569768,13.548,4.558276558445794e-05,10613,0.822479
Osaka,4713,NTT Communications Corporation,JP,Osaka,119.70154517892797,97.79354463227683,11.738,0.02608963490990274,10609,0.668022
London,136787,TEFINCOM S.A.,GB,England,109.46458065840507,16.526523521392544,0.228,0.0005431257553335284,10592,0.871499
Santa Ana,20001,Time Warner Cable Internet LLC,US,California,172.8983290092894,16.587652173408713,9.61,9.300019396449293e-06,10573,0.871499
Brisbane,9443,Primus Telecommunications,AU,Queensland,70.39899762811575,18.662408054432696,22.599,0.00017688700657091043,10567,0.822479
Turin,12874,Fastweb SpA,IT,Piedmont,58.939967979002255,18.622443309231873,12.692,0.0004361581626674652,10564,0.822479
Los Angeles,62240,Clouvider Limited,US,California,129.457474751283,16.383262412624035,0.326,0.00019088654966596273,10550,0.871499
Florianópolis,28573,CLARO S.A.,BR,Santa Catarina,92.8997079088586,34.75434843173659,6.657,0.00015516256007879958,10546,1.0
Springfield,7922,"Comcast Cable Communications, LLC",US,Illinois,138.76137006456895,35.37751674123553,14.933,0.0012562569700154229,10533,0.95098
Edinburgh,5089,Virgin Media Limited,GB,Scotland,124.43491444539751,25.09796612128716,29.94,0.016080575687521966,10518,0.668022
Makkah,39891,Saudi Telecom Company JSC,SA,Mecca Region,11.30884799595622,4.715007383870496,129.86,0.000468502242837362,10511,0.424594
Teresópolis,28658,Gigalink de Nova Friburgo Soluções em Rede Multimi,BR,Rio de Janeiro,827.1276298322499,685.0413196710763,11.419,0.002149526276509141,10505,0.95098
Pontianak,23693,PT. Telekomunikasi Selular,ID,West Kalimantan,13.494270221514531,5.817927349017114,19.274,0.0006143407626788282,10504,0.644527
Rome,29447,ONLINE S.A.S.,IT,Lazio,137.56527220332407,90.72623722050304,13.385,0.0,10500,0.95098
Córdoba,7303,Telecom Argentina S.A.,AR,Cordoba,68.89770309521516,15.400904671871457,15.72,0.003935620061526117,10499,0.822479
Johannesburg,62044,Zscaler Switzerland GmbH,ZA,Gauteng,16.370585153746557,5.871410686644294,0.636,0.0,10478,0.693547
Bogotá,3816,COLOMBIA TELECOMUNICACIONES S.A. ESP,CO,Bogota D.C.,20.963977001079915,12.28595509904223,138.416,0.001447554034991001,10449,0.487934
Dublin,5466,Eircom Limited,IE,Leinster,74.17941440454116,33.61169939949618,5.029,1.5722133915996767e-05,10448,1.0
Kumasi,30986,Scancom Ltd.,GH,Ashanti Region,12.133153506967565,8.349346385948772,38.495,0.0008303107714832534,10441,0.644527
Shipley,35228,Telefonica UK Limited,GB,England,41.56507145726499,2.9854606617080894,18.144,0.0,10435,0.75914
Erode,9829,National Internet Backbone,IN,Tamil Nadu,43.03699517814195,31.369671720660357,17.969,0.002162132061679844,10418,0.95098
Adapazarı,9121,Turk Telekomunikasyon Anonim Sirketi,TR,Sakarya,22.403325001425035,8.883406534641665,54.0,0.04773912480327142,10410,0.319902
Vienna,13335,"Cloudflare, Inc.",AT,Vienna,49.72601846860499,13.397260090423716,13.518,6.332034243446357e-06,10383,0.822479
Kissimmee,33363,"BRIGHT HOUSE NETWORKS, LLC",US,Florida,205.75114583371828,16.798834406993556,18.044,0.0007227243422592527,10378,0.822479
New Delhi,17665,AS Number of Indusind Media and communication Ltd.,IN,National Capital Territory of Delhi,52.01563536780031,36.431780884160474,8.0,0.011514008040079854,10374,0.717042
Bakersfield,33363,"BRIGHT HOUSE NETWORKS, LLC",US,California,221.64497763020282,20.305748519017236,13.745,0.0003974743459515996,10357,0.822479
Iloilo City,9299,Philippine Long Distance Telephone Company,PH,Western Visayas,19.955095942576243,13.494710221572152,67.58,0.07067094643549175,10355,0.369353
Kyoto,17511,K-Opticom Corporation,JP,Kyoto,73.15211307436324,56.60950489291542,8.723,0.00043245368322767703,10349,1.0
Worcester,20115,Charter Communications,US,Massachusetts,180.22426714444555,11.458102052444357,20.783,0.00032663541602689477,10343,0.822479
Toronto,5645,"TekSavvy Solutions, Inc.",CA,Ontario,32.09550294344484,9.685089833550611,11.261,0.002916434068716913,10342,0.773028
Oslo,2119,Telenor Norge AS,NO,Oslo County,71.77716881534586,20.86062823793849,25.758,0.0002143019219941004,10318,0.822479
Anchorage,8047,"GENERAL COMMUNICATION, INC.",US,Alaska,89.37225434774523,14.085879622616115,49.338,0.00031871586329092883,10304,0.822479
Bordeaux,15557,SFR SA,FR,Nouvelle-Aquitaine,117.38438503264992,13.32416717905469,38.661,0.0,10268,0.822479
Miami,55256,Netskope Inc,US,Florida,116.0826985558222,21.73994412421827,0.127,0.0008195652826074387,10264,0.871499
Everett,7922,"Comcast Cable Communications, LLC",US,Massachusetts,162.25700745251137,37.32079379561679,9.79,6.746320030493529e-05,10263,1.0
Etobicoke,577,Bell Canada,CA,Ontario,177.02838872450323,113.40143410321643,5.229,0.0007677428607509733,10253,1.0
Lauterbourg,51167,Contabo GmbH,FR,Grand Est,5.194986660480223,1.424020449250318,162.978,0.0,10251,0.282958
Leeds,5089,Virgin Media Limited,GB,England,134.90629251244897,33.23349722956372,14.812,0.0036539886636585096,10250,0.95098
Carmona,132199,Globe Telecom Inc.,PH,Calabarzon,21.58935294064039,8.374157787709558,58.751,0.0024867376975460484,10240,0.60286
Ankara,12735,TurkNet Iletisim Hizmetleri A.S,TR,Ankara,42.403593370156464,13.582055386953718,69.202,0.04482672524551833,10223,0.497854
Catania,30722,Vodafone Italia S.p.A.,IT,Sicily,50.8639594769506,13.541437495543907,56.425,0.0,10216,0.780812
Ankara,15897,Vodafone Telekomunikasyon A.S.,TR,Ankara,25.18897144726791,5.818366688173015,65.142,0.0,10204,0.731362
Bursa,34984,TELLCOM ILETISIM HIZMETLERI A.S.,TR,Bursa Province,42.54983533319454,9.588704252694388,78.125,0.013141943324261947,10201,0.448404
Teramo,1267,Wind Telecomunicazioni SpA,IT,Abruzzo,30.073966484714663,12.673332432707285,35.092,0.0004900088263940173,10190,0.822479
Adelaide,9443,Primus Telecommunications,AU,South Australia,52.788985544927726,17.650603721592418,18.569,0.0002686091543308162,10183,0.822479
Pune,17762,Tata Teleservices Maharashtra Ltd,IN,Maharashtra,46.10744392866484,27.52486524067989,18.61,0.0033341474478684736,10182,0.95098
Buffalo,11351,Time Warner Cable Internet LLC,US,New York,156.09641663583363,11.587305828174483,34.142,0.00042378267920894044,10179,0.822479
Memphis,7922,"Comcast Cable Communications, LLC",US,Michigan,117.40330800425694,23.73085491137567,17.061,0.002822803797973948,10179,0.822479
São Paulo,55256,Netskope Inc,BR,São Paulo,92.28760968679543,39.72183207462568,2.412,0.00022872975966154588,10152,1.0
Oklahoma City,7018,"AT&T Services, Inc.",US,Oklahoma,140.64692025916935,40.25493884976503,12.534,1.6218707711690666e-05,10147,0.95098
Hisar,24560,"Bharti Airtel Ltd., Telemedia Services",IN,Haryana,22.26314470193728,12.546324197130149,28.505,0.01454386244228626,10132,0.41102
Tokyo,13335,"Cloudflare, Inc.",JP,Tokyo,68.70799352111057,26.874909365155602,1.155,0.00012629984820465795,10108,1.0
Cape Town,36994,Vodacom,ZA,Western Cape,33.9904582329033,23.93635402006347,6.84,0.00229472684570568,10107,0.871499
Guadalajara,17072,TOTAL PLAY TELECOMUNICACIONES SA DE CV,MX,Jalisco,79.30398079972947,38.37528300886849,68.327,0.0002218909444265203,10103,0.909314
Yokohama,2516,KDDI CORPORATION,JP,Kanagawa,207.1757265436534,130.22645294308586,6.472,0.013320089686055806,10087,0.717042
Dallas,6167,Cellco Partnership DBA Verizon Wireless,US,Texas,49.75898532261069,4.113671627320316,22.478,0.0,10068,0.75914
West Palm Beach,7922,"Comcast Cable Communications, LLC",US,Florida,187.25498416873458,38.83387686055954,11.739,9.24763880255595e-05,10063,0.95098
Raebareli,45609,Bharti Airtel Ltd. AS for GPRS Service,IN,Uttar Pradesh,46.236437371000065,5.312772154208844,28.047,0.0024119517207036884,10046,0.773028
Puducherry,9829,National Internet Backbone,IN,Union Territory of Puducherry,42.727639065191134,22.63598885096389,12.433,0.004340687503762324,10044,0.822479
Milan,36183,"Akamai Technologies, Inc.",IT,Lombardy,49.84982566285913,15.317947407219858,2.956,0.00011488995426329751,10041,0.871499
Olympia,7922,"Comcast Cable Communications, LLC",US,Washington,178.4881391257813,37.348132383862925,10.965,0.00011678992727036278,10030,0.95098
Buenos Aires,22927,Telefonica de Argentina,AR,Buenos Aires,15.227168237715999,3.8166040584898537,20.373,0.0,10014,0.630638
Campinas,22085,Claro S/A,BR,São Paulo,17.911158977040976,2.9675547862272458,154.002,0.0007005078728224727,10009,0.424594
Karlsruhe,3209,Vodafone GmbH,DE,Baden-Wurttemberg,92.28272342477497,24.945206342413112,11.214,1.919599274925908e-05,10007,0.822479
Kuala Lumpur,4788,"TMnet, Telekom Malaysia",MY,Kuala Lumpur,76.72175231169017,45.46369176502445,12.0,0.009972590941721628,10001,0.870098
Ilford,2856,British Telecommunications PLC,GB,England,32.17102189563043,7.4616384442141825,22.037,0.0001632468467662311,9965,0.773028
Oklahoma City,21928,"T-Mobile USA, Inc.",US,Oklahoma,84.69764182059278,11.763837334323181,23.675,3.883148352431491e-06,9964,0.822479
Bandung,17451,BIZNET NETWORKS,ID,West Java,30.959116405273647,18.50496464907467,9.767,0.003879367686781692,9964,0.871499
Rochester,11351,Time Warner Cable Internet LLC,US,New York,158.57017958024085,38.77633613731753,33.095,0.0004123060035383322,9920,0.95098
Durban,12091,MTN SA,ZA,KwaZulu-Natal,50.97778689464257,3.7497997828284912,36.978,0.0,9916,0.75914
Yogyakarta,7713,PT Telekomunikasi Indonesia,ID,Yogyakarta,12.867239003096861,7.862430530355656,14.927,0.01719957101942116,9915,0.361569
Cape Coral,209,"Qwest Communications Company, LLC",US,Florida,164.72443731575515,103.0656901664449,9.101,0.0033221011811617237,9913,1.0
Guwahati,38266,Vodafone India Ltd.,IN,Assam,10.956698971859733,4.021917734795409,192.138,0.02285939256250815,9895,0.141636
Toronto,21949,Beanfield Technologies Inc.,CA,Ontario,340.9219391271767,285.7705516176863,2.597,0.0009681457227988531,9893,1.0
Porto Alegre,8167,Brasil Telecom S/A - Filial Distrito Federal,BR,Rio Grande do Sul,40.231655614066774,80.94394510181577,19.718,0.008604457448063648,9890,0.870098
Miami,9009,M247 Ltd,US,Florida,71.90725063187342,10.874160851362525,0.256,0.0024124808019693107,9890,0.871499
Medan,4761,INDOSAT Internet Network Provider,ID,North Sumatra,7.883776749291666,4.327273781774947,35.1,0.012964090906003265,9884,0.206044
Virginia Beach,21928,"T-Mobile USA, Inc.",US,Virginia,74.30022375865343,9.086912736879903,34.825,0.00024175655563267207,9872,0.773028
Marbella,201746,Olivenet Network S.L.,ES,Andalusia,44.548573958066875,102.65107849102753,22.608,0.019614140286366447,9869,0.668022
Port Blair,9829,National Internet Backbone,IN,Andaman and Nicobar,28.133650795749883,9.397211097611583,27.588,0.012080344669793595,9844,0.49007
Yokohama,4713,NTT Communications Corporation,JP,Kanagawa,87.39123317451802,83.64990895045524,8.986,0.023711532273089104,9841,0.717042
Osasco,28573,CLARO S.A.,BR,São Paulo,51.53669470834627,25.118506524674725,129.086,7.779029794828089e-05,9839,0.744936
Redmond,7922,"Comcast Cable Communications, LLC",US,Washington,174.30532589159776,40.749269565631295,10.34,0.00032436375151812473,9825,0.95098
London,62240,Clouvider Limited,GB,England,100.70178780283703,16.6486242165094,0.938,0.00020122662735621845,9816,0.871499
Warsaw,12912,T-MOBILE POLSKA SPOLKA AKCYJNA,PL,Mazovia,83.21156876079597,45.64110044197561,15.796,0.0,9816,0.95098
Monastir,37705,TOPNET,TN,Monastir Governorate,9.99782415733023,1.3635214475575097,46.69,0.03582825680319071,9799,0.206044
Oakland,46375,Sonic Telecom LLC,US,California,203.35029671213792,157.02504353175254,5.372,0.00021452654868065303,9797,1.0
Lucknow,38266,Vodafone India Ltd.,IN,Uttar Pradesh,10.727656028754819,2.5249208903480826,151.182,0.008215400606967961,9796,0.343712
Abu Dhabi,15802,Emirates Integrated Telecommunications Company PJSC (EITC-DU),AE,Abu Dhabi,26.066435123056376,10.800310927725702,46.751,0.0007949929868976052,9793,0.822479
Göppingen,3209,Vodafone GmbH,DE,Baden-Wurttemberg,85.93641604506728,19.194024505486897,21.49,1.5232044393639747e-05,9778,0.822479
Elk Grove,7922,"Comcast Cable Communications, LLC",US,California,157.12168167697328,32.88499031500969,11.427,1.698515115388648e-05,9761,0.95098
Dasmariñas,136515,"Dasca Cable Services, Inc.",PH,Calabarzon,72.39312698172067,47.56120169098732,31.065,0.00041242843054580306,9757,0.95098
Dresden,3320,Deutsche Telekom AG,DE,Saxony,54.77829933657654,22.773417101827675,25.406,0.009828842293347727,9747,0.741597
Durham,11426,Time Warner Cable Internet LLC,US,North Carolina,198.95953767629962,18.400764317554184,23.903,3.376870340709261e-06,9745,0.822479
Washington,701,"MCI Communications Services, Inc. d/b/a Verizon Business",US,District of Columbia,206.20901695614072,88.96267367846775,5.436,0.0015124426245479337,9742,1.0
Campinas,18881,TELEFÔNICA BRASIL S.A,BR,São Paulo,205.05010309046048,101.23874584116302,6.373,0.002272993147965719,9737,1.0
Zurich,6730,Sunrise Communications AG,CH,Zurich,178.88981826723438,63.60420783076838,7.444,0.0007524160651306585,9715,1.0
Bucharest,8953,Orange Romania S.A.,RO,București,29.126887846332338,17.06997928977249,42.02,0.0017964677659205119,9706,0.822479
Braunschweig,3320,Deutsche Telekom AG,DE,Lower Saxony,56.72293009793362,29.320928859541475,14.716,0.00028498457701010686,9704,0.95098
Pompano Beach,7922,"Comcast Cable Communications, LLC",US,Florida,217.14133040745065,43.24405126827247,6.985,1.5436068224726367e-05,9701,1.0
Çankaya,47524,Turksat Uydu Haberlesme ve Kablo TV Isletme A.S.,TR,Ankara,33.697540025927324,6.478753642773366,89.523,0.011774272984457502,9679,0.448404
Adana,16135,TURKCELL ILETISIM HIZMETLERI A.S.,TR,Adana,12.527940130462692,6.791822847903799,109.118,0.0,9678,0.438483
Dharmapuri,45609,Bharti Airtel Ltd. AS for GPRS Service,IN,Tamil Nadu,25.340162035080866,0.8900867943719952,37.033,0.004206413844968062,9671,0.75914
San Francisco,55256,Netskope Inc,US,California,109.42143839413642,20.55739531698787,1.931,0.00016428284377031812,9662,0.871499
Tarlac City,132199,Globe Telecom Inc.,PH,Central Luzon,25.48096149997153,14.705092610508487,60.388,0.020553894969102704,9630,0.497854
Colorado Springs,209,"Qwest Communications Company, LLC",US,Colorado,95.8177818204218,57.75796783666665,5.835,0.007831155701121351,9630,0.919118
Cairo,36992,ETISALAT MISR,EG,Cairo Governorate,10.057729653587334,1.3127390919665098,94.688,0.0006143299996636233,9609,0.588971
Zagreb,5391,Hrvatski Telekom d.d.,HR,City of Zagreb,51.84051215328172,11.665760405437567,18.683,0.0,9603,0.822479
Saskatoon,803,Saskatchewan Telecommunications,CA,Saskatchewan,91.57013038956883,33.35095092516557,38.669,0.018219444805004058,9597,0.668022
Porto Alegre,26599,TELEFÔNICA BRASIL S.A,BR,Rio Grande do Sul,37.22896409701764,7.568599879906425,135.959,4.955140587263125e-06,9595,0.566984
Chiang Mai,133481,AIS Fibre,TH,Chiang Mai,77.15023792957173,72.21034531514579,73.416,0.012228103878614937,9593,0.626356
Reading,5378,Vodafone Limited,GB,England,116.8180899238517,50.72644492217023,12.657,8.688202558957103e-05,9591,0.95098
Madrid,13335,"Cloudflare, Inc.",ES,Madrid,64.22220835494522,22.780974003305722,9.579,4.453809224332267e-05,9581,0.871499
Mohali,55836,Reliance Jio Infocomm Limited,IN,Punjab,24.97957273481995,7.889515387823841,25.201,0.004969169167960092,9578,0.644527
Tulsa,22773,Cox Communications Inc.,US,Oklahoma,141.5841430205684,28.824053178423096,19.237,0.0032760500399778296,9566,0.95098
Adelaide,133612,Vodafone Australia Pty.,AU,South Australia,38.40455725032028,4.879511297950079,13.326,0.0,9565,0.75914
Aligarh,24560,"Bharti Airtel Ltd., Telemedia Services",IN,Uttar Pradesh,32.63454132380656,28.973872758325335,13.768,0.08907678901753875,9561,0.668022
Minneapolis,7922,"Comcast Cable Communications, LLC",US,Minnesota,104.39789657195467,25.458205571123948,28.847,0.002440546824473054,9555,0.95098
Jamshedpur,9829,National Internet Backbone,IN,Jharkhand,37.34493933756859,24.76440550780475,51.07,0.004153580217067841,9551,0.780812
Málaga,15704,XTRA TELECOM S.A.,ES,Andalusia,103.0915533541657,71.58112143774038,21.01,0.0016213716490626165,9540,0.95098
Midrand,327782,Metrofibre Networx,ZA,Gauteng,48.75576584647874,43.47237573314758,6.685,0.007435061413097673,9527,0.919118
Mersin,44558,Netonline Bilisim Sirketi LTD,TR,Mersin,8.120384787306483,2.521411554085795,101.393,0.13888279667155493,9512,0.0
Bursa,12735,TurkNet Iletisim Hizmetleri A.S,TR,Bursa Province,47.206336153201896,13.99646183573546,61.0,0.027824695721735654,9500,0.497854
Santa Barbara,22773,Cox Communications Inc.,US,California,200.75255059339358,34.84728315961863,9.524,0.0016514204268541642,9496,1.0
St Louis,6167,Cellco Partnership DBA Verizon Wireless,US,Missouri,46.54673639931806,5.946414387549644,28.657,1.8573050178204263e-05,9492,0.773028
Bucharest,9009,M247 Ltd,RO,București,64.99309154706,1.5384829486434797,30.0,0.01716049023780325,9478,0.476181
Warsaw,8374,Polkomtel Sp. z o.o.,PL,Mazovia,8.91335241221986,2.563158575218178,26.572,0.0006596204014486092,9463,0.489002
Frankfurt am Main,62240,Clouvider Limited,DE,Hesse,86.17838318743243,17.567553221808115,0.564,0.0002868644378220684,9436,0.871499
Uttiramerūr,38266,Vodafone India Ltd.,IN,Tamil Nadu,10.851554902321023,3.0186372086776774,80.001,0.0022181786673598474,9436,0.588971
Kenitra,36925,MEDITELECOM,MA,Rabat-Salé-Kénitra,7.588583129646559,0.7671288545278682,54.0,0.06995797855740041,9421,0.164377
Legaspi Port,133334,DCTV Cable Network Broadband Services Inc,PH,Bicol Region,27.304532328408357,15.656198914325202,43.478,0.030251419401462164,9419,0.539521
Tuxtla Gutiérrez,8151,Uninet S.A. de C.V.,MX,Chiapas,19.664942933548357,15.19552156067843,66.875,0.03414191420775141,9418,0.369353
Bologna,3269,Telecom Italia S.p.a.,IT,Emilia-Romagna,51.88189811557014,18.246110917111963,27.548,0.001232243183192203,9416,0.822479
Frederick,7922,"Comcast Cable Communications, LLC",US,Colorado,221.51609175592887,35.60629307575072,10.566,0.00020374804917401104,9395,0.95098
City of London,55256,Netskope Inc,GB,England,73.53088401643878,18.068714307541303,1.179,0.0004702676557008167,9391,0.871499
Vienna,62044,Zscaler Switzerland GmbH,AT,Vienna,36.43651033964697,14.491707654603431,12.693,0.0,9379,0.822479
Lübeck,6805,Telefonica Germany GmbH & Co.OHG,DE,Schleswig-Holstein,18.883334953133254,5.719371873710373,33.301,0.0,9374,0.644527
Calamba,134707,RoyalCable Flash,PH,Calabarzon,27.415871452490325,44.817074056096324,30.477,0.0632343075156322,9353,0.668022
Morādābād,24186,RailTel Corporation is an Internet Service Provider. It has one of,IN,Uttar Pradesh,30.58120140500375,18.39146750163947,33.0,0.07406109782954318,9340,0.539521
Vijayawada,24309,Atria Convergence Technologies Pvt. Ltd.  Broadband Internet Service Provider INDIA,IN,Andhra Pradesh,75.73403978723184,45.49844161098159,9.393,0.024378065752797995,9340,0.717042
Marilao,9299,Philippine Long Distance Telephone Company,PH,Central Luzon,37.519422604330465,22.067908984429177,52.403,0.03854645915728523,9339,0.497854
Roseville,7922,"Comcast Cable Communications, LLC",US,California,190.1948696903591,35.69489620078691,11.097,5.4944418712366836e-05,9328,0.95098
Rome,207137,LEXELL MICHAL SZYDLOWSKI,IT,Lazio,90.1628839177509,11.424231439711392,9.618,5.02022167881276e-05,9327,0.871499
Ajmer,45609,Bharti Airtel Ltd. AS for GPRS Service,IN,Rajasthan,44.982164438960204,4.943209208438689,32.638,0.0006652040441100521,9322,0.75914
Santo André,18881,TELEFÔNICA BRASIL S.A,BR,São Paulo,180.29002040931505,98.32714327285673,4.862,0.0014837175874687976,9314,1.0
Oldenburg,9145,EWE TEL GmbH,DE,Lower Saxony,52.14296108534009,33.78061026890699,11.937,0.0005780121606473736,9304,0.95098
Gurugram,10029,SHYAM SPECTRA PVT LTD,IN,Haryana,57.13748616874308,28.991710575433764,6.353,0.019580706663409303,9301,0.717042
Puebla,17072,TOTAL PLAY TELECOMUNICACIONES SA DE CV,MX,Mexico City,79.29629740628631,51.63061885589589,55.95,0.00018431281447998333,9296,0.909314
San Jose,54113,Fastly,US,California,82.93697109819175,20.695699093756613,0.209,0.0,9291,0.871499
Santiago,52341,Centennial Cayman Corp Chile S.A,CL,Santiago Metropolitan,11.33335911847225,7.64193843918284,24.389,0.000592016445628114,9273,0.644527
Malang,7713,PT Telekomunikasi Indonesia,ID,East Java,8.646943601902144,6.497133720063959,18.595,0.059469436851608104,9262,0.219933
Seattle,55256,Netskope Inc,US,Washington,107.0242408012512,21.766397159747598,0.195,0.0012869144987474742,9253,0.871499
Benito Juarez,28548,"Cablevisión, S.A. de C.V.",MX,Mexico City,51.556518920981425,7.330285868104118,43.304,0.0009261402381783646,9233,0.773028
Garden Grove,20001,Time Warner Cable Internet LLC,US,California,162.36549373666358,11.294276742313613,8.745,1.2269629603643872e-05,9226,0.871499
Pekanbaru,7713,PT Telekomunikasi Indonesia,ID,Riau,12.42799247668286,6.667198665602669,15.032,0.0105252697697402,9225,0.361569
New York,13335,"Cloudflare, Inc.",US,New York,116.52895472006752,21.64139625222235,2.278,0.00010250671656492282,9217,0.871499
Lyon,12322,Free SAS,FR,Rhône-Alpes,147.7496794708344,92.0969676242932,24.328,0.00031816129169095163,9210,0.95098
Johannesburg,5713,Telkom SA Ltd.,ZA,Gauteng,19.71852845466421,12.116008865915921,10.836,0.008135109972482667,9209,0.613095
Bogotá,10620,Telmex Colombia S.A.,CO,Bogota D.C.,59.90535528757332,18.57999035243993,117.673,0.0030976588145290597,9191,0.616435
Mumbai,135269,Fast 4 Technologies,IN,Maharashtra,34.49100552931152,35.159233003834984,7.945,0.014884458605813677,9189,0.717042
General Mariano Alvarez,17639,Converge ICT Solutions Inc.,PH,Calabarzon,71.58540875564799,36.39756051122546,33.004,0.03573469310801913,9171,0.668022
Cape Coral,7922,"Comcast Cable Communications, LLC",US,Florida,260.1145521797118,39.72653275876328,8.509,1.0980787819851778e-05,9168,1.0
Antwerp,6848,Telenet BVBA,BE,Flanders,118.35947521431113,23.280025983293253,12.488,0.0011147216110277297,9152,0.822479
Bengaluru,10029,SHYAM SPECTRA PVT LTD,IN,Karnataka,29.804241486133126,11.38707801053492,27.01,0.05197037267852121,9143,0.539521
Kuala Lumpur,38466,UMobile IP Admin,MY,Kuala Lumpur,17.772718086439884,7.686014443335607,29.128,0.00016850816248273185,9127,0.644527
Istanbul,58293,ALFA ILETISIM HIZMETLERI PAZARLAMA TICARET A.S.,TR,Istanbul,29.061362308314422,6.692547762624944,73.0,0.061756621688309324,9122,0.448404
Bacolod City,17639,Converge ICT Solutions Inc.,PH,Western Visayas,67.91035758581063,43.71398977243477,39.926,0.02165144300402882,9111,0.668022
Lisbon,3243,MEO - SERVICOS DE COMUNICACOES E MULTIMEDIA S.A.,PT,Lisbon,117.87792098864092,81.97226117113944,24.752,0.0007267152470831841,9107,0.95098
Puyallup,7922,"Comcast Cable Communications, LLC",US,Washington,160.59751642468993,36.97103083457646,10.515,4.1775478148297024e-05,9106,0.95098
Sharjah,5384,Emirates Telecommunications Corporation,AE,Emirate of Sharjah,33.016693969543994,20.315962656940616,20.355,0.01581436903371189,9101,0.539521
Markranstädt,3320,Deutsche Telekom AG,DE,Saxony,43.520851612306764,16.049242527648424,38.73,0.051839863431291544,9052,0.539521
New Delhi,10029,SHYAM SPECTRA PVT LTD,IN,National Capital Territory of Delhi,65.71972808854956,28.862578778865583,6.064,0.017987995190996423,9051,0.717042
Hānsi,45609,Bharti Airtel Ltd. AS for GPRS Service,IN,Haryana,44.12254569078344,7.5219759648384565,27.432,0.0003574087191379121,9040,0.773028
Frankfurt am Main,13335,"Cloudflare, Inc.",DE,Hesse,47.74366802474289,16.325416667833217,1.144,0.00013605547832974815,9040,0.871499
Fort Worth,21928,"T-Mobile USA, Inc.",US,Texas,78.43086682186052,10.748869755199125,16.482,5.309256311041871e-06,9039,0.822479
Bristol,5607,Sky UK Limited,GB,England,59.162944260050494,18.224554000421975,11.0,0.009983965626655779,9032,0.741597
Sydney,53813,"ZSCALER, INC.",AU,New South Wales,71.48661714575242,27.393526220108516,0.428,0.0,9029,1.0
Los Angeles,64294,Panasonic Avionics Corporation,US,California,2.20072213075631,0.836119322483223,91.519,0.0,9028,0.447335
Frisco,7018,"AT&T Services, Inc.",US,Texas,254.1184489339596,147.78520782086807,5.981,0.0003064404963622308,9017,1.0
Hollywood,7922,"Comcast Cable Communications, LLC",US,Florida,120.96300593306262,36.88477749906378,7.81,5.2095364464569265e-05,9017,1.0
Pune,55352,Microscan Computers Private Limited,IN,Maharashtra,36.52929759483215,22.590018788139975,9.25,0.005220628364959584,9016,0.790616
Richmond,852,TELUS Communications Inc.,CA,British Columbia,182.73671777457528,135.95063893698324,10.371,0.0022498335932579967,9015,0.95098
Cardiff,5378,Vodafone Limited,GB,Wales,74.03644969334471,24.205782366665613,17.399,5.591499930960727e-06,9007,0.822479
Sleman,24203,PT Excelcomindo Pratama (Network Access Provider),ID,Yogyakarta,15.827926520451436,8.16024693617066,30.442,0.0002518033699531737,9005,0.644527
Rewāri,45609,Bharti Airtel Ltd. AS for GPRS Service,IN,Haryana,31.561637283518554,4.237560337709186,28.664,0.0002282663612439492,9001,0.75914
Quincy,7922,"Comcast Cable Communications, LLC",US,Florida,211.3472304732107,31.982032123978346,14.768,0.0019045060540728044,8998,0.95098
Kolkata,17747,SITI NETWORKS LIMITED,IN,West Bengal,48.20899088062979,28.161566557650165,12.669,0.0034417238242310678,8993,0.95098
Kearney,13807,GREAT PLAINS COMMUNICATIONS INC,US,Nebraska,161.1130510865075,127.14644611035409,96.327,0.011376473699277464,8993,0.626356
Johannesburg,16637,MTN SA,ZA,Gauteng,27.03703968134336,23.02234573300832,6.303,0.030428800662237195,8991,0.588541
Maputo,30619,Telecomunicacoes de Mocambique (TDM),MZ,Cidade de Maputo,3.101656118029252,2.309563326807018,40.769,0.0012118087752362526,8989,0.489002
Dhaka,24432,"TM International Bangladesh Ltd.Internet service Provider,Gulshan-1,Dhaka-1212",BD,Dhaka Division,13.512364341780243,5.698274955190914,106.503,0.000936409735947959,8982,0.438483
Varanasi,45609,Bharti Airtel Ltd. AS for GPRS Service,IN,Uttar Pradesh,27.895196134516752,2.886198378693943,30.402,0.0020173432913900744,8962,0.75914
Istanbul,15924,VODAFONE NET ILETISIM HIZMETLERI ANONIM SIRKETI,TR,Istanbul,9.193564802843143,2.929152869219097,76.297,0.08124348859625742,8958,0.164377
Izmir,12735,TurkNet Iletisim Hizmetleri A.S,TR,İzmir Province,49.514974059075485,14.104348507824177,78.0,0.030401504809672294,8953,0.497854
Halle,3320,Deutsche Telekom AG,DE,North Rhine-Westphalia,49.7669195652813,20.52596266266038,25.859,0.0013234192975429676,8942,0.822479
Schloß Holte-Stukenbrock,3320,Deutsche Telekom AG,DE,North Rhine-Westphalia,31.49639528215136,12.2948366114245,27.305,6.706894377798122e-05,8942,0.822479
Tampa,6167,Cellco Partnership DBA Verizon Wireless,US,Florida,52.493683905081895,5.5556889110177625,20.007,6.766039630430533e-05,8940,0.773028
Hortolândia,28649,Desktop Sigmanet Comunicação Multimídia Ltda,BR,São Paulo,88.55186630000867,52.83210637862788,6.0,0.004072300160520354,8936,1.0
Bekasi,131111,PT Mora Telematika Indonesia,ID,West Java,25.73080347281326,30.140493566152298,4.405,0.08546238340562468,8933,0.717042
Bari,12874,Fastweb SpA,IT,Apulia,29.1146883324351,12.88122807875365,65.418,0.001036264386533511,8930,0.780812
Lowell,7922,"Comcast Cable Communications, LLC",US,Indiana,247.8170908858208,41.704625272599564,11.75,0.0025161931000775746,8922,0.95098
São José dos Campos,18881,TELEFÔNICA BRASIL S.A,BR,São Paulo,166.77983723214453,92.50771812218107,6.456,0.001726877980200152,8919,1.0
Sofia,8866,Bulgarian Telecommunications Company Plc.,BG,Sofia-Capital,63.80988498277617,24.341036474579635,36.953,0.0025813546269008378,8896,0.822479
Dasmariñas,9299,Philippine Long Distance Telephone Company,PH,Calabarzon,41.97552099025888,23.485008831744885,59.056,0.021652399051578206,8885,0.497854
Paris,136787,TEFINCOM S.A.,FR,Île-de-France,140.0018523705473,16.750552158048748,1.418,0.00030914583500139966,8885,0.871499
Aryanah,37671,3S INF,TN,Ariana Governorate,8.498808992292311,2.637927988042839,25.231,0.00044886558691794546,8881,0.489002
Palermo,3269,Telecom Italia S.p.a.,IT,Sicily,50.57089295880307,19.63717043085464,62.435,0.007088369661222452,8881,0.69993
Chiang Mai,45758,Triple T Internet/Triple T Broadband,TH,Chiang Mai,47.37575424769563,38.235824815074544,71.103,0.005754232152710405,8876,0.828431
Plano,5650,"Frontier Communications of America, Inc.",US,Texas,242.14049847990276,149.84986580590453,5.394,0.0003003994852974431,8857,1.0
Fairfield,7922,"Comcast Cable Communications, LLC",US,California,193.59821800874317,40.55731009607957,9.882,3.6710356728704857e-05,8851,1.0
Chiang Mai,131445,Advance Wireless Network,TH,Chiang Mai,8.83468913961512,5.660187276306246,85.905,0.020439789864973818,8837,0.178266
Yamuna Nagar,9829,National Internet Backbone,IN,Haryana,31.688947604368114,23.362404956392567,12.67,0.00218954230103652,8831,0.822479
Sarasota,5650,"Frontier Communications of America, Inc.",US,Florida,268.8888948662032,163.1890864982215,13.676,0.0018407456781063503,8825,0.95098
Ashburn,701,"MCI Communications Services, Inc. d/b/a Verizon Business",US,Virginia,159.2125681272204,91.76413724485332,5.922,0.000869286728013047,8820,1.0
Denpasar,135478,PT. Cyberindo Aditama,ID,Bali,15.855859444919428,30.555349634136427,13.168,0.10399556139202004,8806,0.539521
Melbourne,135887,Telstra Corporation,AU,Victoria,49.588889577779156,17.007919493729972,8.101,0.0,8806,0.871499
Bellingham,7922,"Comcast Cable Communications, LLC",US,Massachusetts,194.1151301302204,34.056130431861156,16.37,0.0002608844814197937,8800,0.95098
Ottawa,22995,Xplornet Communications Inc.,CA,Ontario,30.536921122762404,3.3022751947991433,23.911,0.026518768203094893,8796,0.476181
Valencia,3352,TELEFONICA DE ESPANA,ES,Galicia,115.72528704598136,92.57540322427427,13.129,0.0012379248890783392,8795,0.95098
Kathmandu,23752,"Nepal Telecommunications Corporation, Internet Services,",NP,Bagmati Province,11.0602725608486,13.960413429602108,80.003,0.05346150750462806,8794,0.369353
Delhi,9498,BHARTI Airtel Ltd.,IN,National Capital Territory of Delhi,33.74024215074082,19.329296964484108,16.0,0.05580904344562011,8789,0.539521
Indore,24560,"Bharti Airtel Ltd., Telemedia Services",IN,Madhya Pradesh,30.86225001255326,20.004382395617604,43.177,0.09278682512289904,8778,0.539521
Faridabad,133647,ELXIRE DATA SERVICES PVT. LTD.,IN,Haryana,27.339641992386813,15.780821446595652,54.938,0.05325838817326426,8772,0.497854
Auckland,55850,TrustPower Ltd,NZ,Auckland,160.53972156420912,82.836150701823,7.987,0.0,8762,1.0
Cairo,24863,Link Egypt (Link.NET),EG,Cairo Governorate,8.382813155146874,0.8438570004933734,111.81,0.056806626725259816,8743,0.0
Los Angeles,174,Cogent Communications,US,California,55.13585431050749,18.280815340599723,2.236,0.0,8739,0.871499
Pune,17488,Hathway IP Over Cable Internet,IN,Maharashtra,74.75023948009087,47.059040595571574,6.102,0.020061392569670836,8725,0.717042
Bengkulu,7713,PT Telekomunikasi Indonesia,ID,Bengkulu,21.487149869686792,11.201576152592082,24.792,0.004991185713190772,8721,0.693978
Santa Rosa,7922,"Comcast Cable Communications, LLC",US,California,210.70265886293717,34.85980624302846,10.169,1.6845264811986496e-05,8717,0.95098
Colombo,45356,"IS Group, No:108, W A D Ramanayake Mawatha,",LK,Western Province,5.376193668114219,2.320654597034723,109.974,0.00010457522643022821,8713,0.282958
Palembang,24203,PT Excelcomindo Pratama (Network Access Provider),ID,South Sumatra,10.41708640699338,3.4158150913381413,39.069,0.013225281617166752,8704,0.34768
Bologna,1267,Wind Telecomunicazioni SpA,IT,Emilia-Romagna,53.57105819542894,18.493805311681363,13.679,0.0008048146986212837,8703,0.822479
Tekirdağ,9121,Turk Telekomunikasyon Anonim Sirketi,TR,Tekirdağ,25.26955826195438,9.733518934732496,55.748,0.04687535674277916,8693,0.448404
Munich,35244,Tele Columbus AG,DE,Bavaria,122.72393658255895,16.298246215787486,15.038,0.0009439654369771881,8687,0.822479
Paris,55256,Netskope Inc,FR,Île-de-France,81.31991287204897,37.502070283129854,0.983,0.0006914189779656036,8682,1.0
Chennai,394089,Oahu Publications,IN,Tamil Nadu,32.360885393538254,10.66939113543009,42.288,0.0012729392490168287,8680,0.822479
Hiroshima,2516,KDDI CORPORATION,JP,Hiroshima,76.61169970762514,35.00460428941013,42.104,0.004418285846310095,8680,0.95098
Augsburg,3320,Deutsche Telekom AG,DE,Bavaria,56.10847837804715,25.16260358286284,16.093,0.0013609135787954689,8667,0.95098
Melbourne,13335,"Cloudflare, Inc.",AU,Victoria,58.18760581622548,15.491797970537453,14.333,0.0,8661,0.822479
Dammam,43766,MTC KSA,SA,Eastern Province,24.56444122513742,5.8094805246102945,108.562,5.090215710979879e-05,8656,0.438483
Mumbai,9498,BHARTI Airtel Ltd.,IN,Maharashtra,16.04625808362988,4.771248474400172,40.893,0.06213458688889405,8641,0.34768
Long Beach,20115,Charter Communications,US,California,193.51768747523752,17.594635626467696,8.299,1.0227843655921125e-05,8636,0.871499
Dehradun,9829,National Internet Backbone,IN,Uttarakhand,36.01402677419394,18.445120894538086,15.376,0.0030945868894365863,8634,0.822479
Rātu,45609,Bharti Airtel Ltd. AS for GPRS Service,IN,Jharkhand,43.922922396309936,5.032713242463826,86.019,0.003733249674779618,8627,0.731362
Buffalo,701,"MCI Communications Services, Inc. d/b/a Verizon Business",US,New York,193.3434019529533,76.19293171158319,27.211,0.0058468384622654655,8621,0.870098
Québec,577,Bell Canada,CA,Quebec,236.94523926512133,225.96272136178888,20.0,0.004580369061557285,8587,0.95098
Kiel,13101,ennit server GmbH,DE,Schleswig-Holstein,93.56827816395327,58.12453233425978,5.88,0.0002204924434755199,8578,1.0
Hiroshima,4713,NTT Communications Corporation,JP,Hiroshima,84.88334440406514,82.84635869973368,43.179,0.037170241134375615,8577,0.668022
Braunschweig,6805,Telefonica Germany GmbH & Co.OHG,DE,Lower Saxony,15.692837348821326,6.41923116112371,34.906,0.0,8576,0.644527
Stockton,21928,"T-Mobile USA, Inc.",US,California,50.18883965496606,7.189597296644325,20.119,0.00010228286685716601,8574,0.773028
Munich,8881,1&1 Versatel Deutschland GmbH,DE,Bavaria,50.24122566853018,20.199473318697187,19.691,0.00030958650079021956,8549,0.822479
Federal Way,7922,"Comcast Cable Communications, LLC",US,Washington,118.73947677860964,31.827890300455415,9.3,0.00015705131536250563,8548,1.0
Minsk,42772,Velcom UE,BY,Minsk City,20.01693520882589,15.259751384869888,22.614,0.0021206321604470293,8535,0.693978
Bogor,55699,PT. Cemerlang Multimedia,ID,West Java,15.420248237709442,13.762367273594514,19.791,0.07623032996220462,8535,0.41102
Banda Aceh,23693,PT. Telekomunikasi Selular,ID,Aceh,15.669477163238824,3.2073471177783226,20.338,0.0,8515,0.630638
Oslo,25400,Get AS,NO,Oslo County,100.42230272729546,47.497308953605284,12.267,0.0033268651786199314,8499,0.95098
Mannheim,3209,Vodafone GmbH,DE,Baden-Wurttemberg,95.42387965432779,20.985861765372,11.848,5.607896448975709e-06,8499,0.822479
Kirkland,7922,"Comcast Cable Communications, LLC",US,Washington,189.21250055873386,34.642693001540216,10.737,0.0007546804368390039,8470,0.95098
Guadalajara,13999,"Mega Cable, S.A. de C.V.",MX,Jalisco,56.4970132982412,24.533394290852364,67.451,0.014301039901550473,8466,0.497854
Ramnagar,24186,RailTel Corporation is an Internet Service Provider. It has one of,IN,Uttarakhand,30.568408709475293,19.26738029464779,34.495,0.07513750440317306,8459,0.539521
Markham,577,Bell Canada,CA,Ontario,102.36868257869017,83.49306916673908,8.888,0.002603287331031403,8447,1.0
Christchurch,9790,CallPlus Services Limited,NZ,Canterbury,93.88559688213674,44.37601960668635,8.428,0.002162433788336862,8437,1.0
Rāmachandrapuram,133287,Andhra Pradesh State FiberNet Limited,IN,Andhra Pradesh,12.819214099051315,4.643279785714864,52.226,0.11493467114674795,8417,0.306013
Kolkata,55256,Netskope Inc,IN,West Bengal,37.19821655960704,7.365079873012775,30.593,0.0,8415,0.773028
Bandar Lampung,23693,PT. Telekomunikasi Selular,ID,Lampung,19.495441412126024,3.388564739324721,17.766,0.0,8413,0.630638
Birmingham,13335,"Cloudflare, Inc.",GB,England,57.988038002406356,17.150092947490418,10.38,0.0,8411,0.822479
Monterrey,8151,Uninet S.A. de C.V.,MX,Nuevo León,53.89120186865798,38.91552431418853,15.018,0.014729535339817527,8408,0.668022
Grand Island,54072,Central Community College,US,Nebraska,23.13755895133823,7.373319202203108,19.527,0.00047196001329722557,8405,0.644527
Dhaka,23688,Link3 Technologies Ltd.,BD,Dhaka Division,14.78834620592508,12.197309463676719,104.966,0.11204850472532689,8403,0.204976
Christchurch,4771,Spark New Zealand Trading Ltd,NZ,Canterbury,47.01778420382071,17.77732315307297,21.36,0.0,8402,0.822479
Amsterdam,33915,Vodafone Libertel B.V.,NL,North Holland,141.44529467367414,48.449154328752826,5.368,2.516922771603636e-05,8382,1.0
Derby,5607,Sky UK Limited,GB,England,52.69845330477267,18.31143068370943,9.873,0.0009404851703822999,8380,0.871499
Osaka,2527,So-net Entertainment Corporation,JP,Osaka,192.67246356303949,151.59121694020104,12.53,0.0021317867378963496,8379,0.95098
Manchester,7922,"Comcast Cable Communications, LLC",US,Connecticut,189.1969549387451,39.41331620816954,13.568,0.002514701266420395,8377,0.95098
Monterrey,17072,TOTAL PLAY TELECOMUNICACIONES SA DE CV,MX,Nuevo León,91.49136895093281,38.36296369627063,66.836,0.0002763231361176213,8359,0.909314
Venice,30722,Vodafone Italia S.p.A.,IT,Veneto,34.92837427598856,12.811232777219564,31.806,3.42020001048549e-05,8357,0.822479
Biñan,134707,RoyalCable Flash,PH,Calabarzon,53.00826658506879,30.83905101628402,30.328,0.013978462526664799,8344,0.668022
Catania,1267,Wind Telecomunicazioni SpA,IT,Sicily,48.48129494435319,16.630734305252783,57.526,0.0033236851981656235,8338,0.780812
Anaheim,21928,"T-Mobile USA, Inc.",US,California,77.13481312782793,8.027168833838886,18.421,6.603016855298227e-05,8338,0.773028
Bishunpur,45609,Bharti Airtel Ltd. AS for GPRS Service,IN,Uttar Pradesh,52.810824216087525,5.570547214806791,31.488,0.002716410822689693,8330,0.773028
Mareno di Piave,30722,Vodafone Italia S.p.A.,IT,Veneto,35.718731565639104,7.6891210030274655,24.403,0.0,8329,0.773028
Curitiba,18881,TELEFÔNICA BRASIL S.A,BR,Paraná,87.17997363836727,54.43701116298884,130.58,0.0033610689350984583,8327,0.744936
Guarulhos,28573,CLARO S.A.,BR,São Paulo,51.64828304037453,25.904813904377107,129.383,0.00010380889973761356,8327,0.744936
Padua,1267,Wind Telecomunicazioni SpA,IT,Veneto,55.71828418709897,17.654288468686094,13.448,0.00035317139503902303,8318,0.822479
Munich,13335,"Cloudflare, Inc.",DE,Bavaria,45.89845841397582,15.703553427406755,6.993,4.428792071235758e-06,8313,0.871499
Mādhoganj,38266,Vodafone India Ltd.,IN,Uttar Pradesh,10.186949845326172,2.4925520458811934,79.696,0.0027540235541488184,8311,0.588971
Los Angeles,20115,Charter Communications,US,California,166.231747845769,17.0304748717198,9.749,1.308129937966521e-05,8311,0.871499
Morādābād,9829,National Internet Backbone,IN,Uttar Pradesh,44.07465530638647,25.551857816639824,14.769,0.007051901204391792,8305,0.870098
Surabaya,18004,PT WIRELESS INDONESIA ( WIN ),ID,East Java,13.970683910030266,5.709156575207143,30.346,0.0004994774802425781,8302,0.644527
New Delhi,58965,ANJANI BROADBAND SOLUTIONS PVT.LTD.,IN,National Capital Territory of Delhi,43.24300601996763,27.407178222772266,8.045,0.01957007981645934,8294,0.717042
Zapopan,17072,TOTAL PLAY TELECOMUNICACIONES SA DE CV,MX,Jalisco,77.4443958267302,40.76761930645168,69.171,0.0004210891648549675,8294,0.909314
Boca Raton,7922,"Comcast Cable Communications, LLC",US,Florida,219.85036061922833,36.49668115719862,11.894,0.00017373619369601167,8294,0.95098
La Paz,27882,Telefónica Celular de Bolivia S.A.,BO,La Paz Department,30.210129670098734,8.492528774655044,123.225,0.02659672712496768,8289,0.284026
Philadelphia,6167,Cellco Partnership DBA Verizon Wireless,US,Pennsylvania,43.62419358351665,4.8462224351898415,23.879,0.0,8282,0.75914
Littleton,7922,"Comcast Cable Communications, LLC",US,Colorado,230.64698029205977,37.33572006021479,7.005,1.665673671039194e-05,8277,1.0
Dhaka,24389,GrameenPhone Ltd.,BD,Dhaka Division,14.567869876461678,4.76888964666553,75.165,0.0004909048585623119,8272,0.588971
Tiruchirappalli,9829,National Internet Backbone,IN,Tamil Nadu,43.199922240528764,34.500805298872585,15.357,0.0025491514215005323,8266,0.95098
Mendarda,55836,Reliance Jio Infocomm Limited,IN,Gujarat,48.04165213884673,5.099938040470892,33.974,0.0001561660617521994,8264,0.773028
Delhi,134674,TATA SKY BROADBAND PRIVATE LIMITED,IN,National Capital Territory of Delhi,97.39541201930078,55.96900124328222,5.0,0.06342417709659293,8260,0.717042
Richmond,701,"MCI Communications Services, Inc. d/b/a Verizon Business",US,Texas,215.44354291016052,98.28389160956709,7.38,0.002747849674534717,8255,1.0
Visakhapatnam,9829,National Internet Backbone,IN,Andhra Pradesh,31.773448335478417,18.597023970118503,23.718,0.004775614026167485,8249,0.822479
Dhaka,134732,Dot Internet,BD,Dhaka Division,43.5376092130592,34.89428730085413,84.293,0.0508135400964524,8240,0.626356
São Bernardo do Campo,18881,TELEFÔNICA BRASIL S.A,BR,São Paulo,176.49254849664476,103.20111352984762,4.862,0.0019158177541578718,8235,1.0
Parker,7922,"Comcast Cable Communications, LLC",US,Colorado,195.32118516761582,36.51394567169982,7.177,1.6769491042588327e-05,8224,1.0
Bacolod City,132199,Globe Telecom Inc.,PH,Western Visayas,44.99446781880942,26.40865803636247,72.5,0.003149975288986957,8216,0.909314
Wilmington,7922,"Comcast Cable Communications, LLC",US,Delaware,137.39757477232055,32.472483048591535,11.814,0.0002842024357706019,8215,0.95098
Canoga Park,20001,Time Warner Cable Internet LLC,US,California,238.30558481686066,16.542794066868577,9.465,2.4586916644879458e-05,8213,0.871499
Sanaa,30873,Public Telecommunication Corporation,YE,Amanat Alasimah,1.6989216063389603,0.6679176052455824,195.453,0.004108027108310703,8209,0.282958
Mumbai,132296,Seven Star Digital Network Private Limited,IN,Maharashtra,43.58459858992746,29.155702236171635,4.244,0.02794263873463938,8208,0.717042
Sapporo,4713,NTT Communications Corporation,JP,Hokkaido,84.22559434982195,74.17415706573406,22.145,0.03955883493689982,8202,0.668022
Portland,7922,"Comcast Cable Communications, LLC",US,Connecticut,116.87376656509021,23.645095264178536,13.872,0.006211901653528286,8200,0.741597
Sorocaba,28573,CLARO S.A.,BR,São Paulo,49.414601219462334,23.874106220301716,128.133,0.00011517133995079248,8189,0.616435
Reading,7922,"Comcast Cable Communications, LLC",US,Massachusetts,161.05360597963502,29.286762362551787,26.042,0.0014167472931473036,8187,0.95098
Pretoria,36994,Vodacom,ZA,Gauteng,31.802104771942812,23.804692608494133,6.867,0.0006461853717603409,8178,0.871499
Palo Alto,7922,"Comcast Cable Communications, LLC",US,California,192.6416180404826,36.414522750083826,8.523,4.3654445527239815e-05,8172,1.0
North York,577,Bell Canada,CA,Ontario,184.65243499267558,133.27114610087875,9.244,0.0024813792061959645,8169,1.0
Pasadena,20115,Charter Communications,US,California,222.31220594907458,20.21379839924097,8.405,2.4283350815640942e-05,8169,0.871499
Leigh,5378,Vodafone Limited,GB,England,142.23779616625788,39.26942287832944,20.0,1.244536942948551e-05,8168,0.95098
Roseville,14051,"Consolidated Communications, Inc.",US,California,180.26305214269246,105.15936382667982,8.105,0.0026372247737258274,8164,1.0
Manouba,37693,OOREDOO TUNISIE SA,TN,Manouba,17.560153618571512,7.735219379688295,25.062,0.0031841959905123955,8114,0.644527
Chicago,174,Cogent Communications,US,Illinois,73.46812660243533,20.38095988512896,4.285,0.0015217691216257753,8114,0.871499
Regina,803,Saskatchewan Telecommunications,CA,Saskatchewan,93.38807265392734,44.01382714548241,33.174,0.01696029937940297,8101,0.668022
Málaga,34977,PROCONO S.A.,ES,Andalusia,39.50707624646188,28.864190158217855,21.889,0.0002471950085704879,8100,0.95098
Tizi Ouzou,36947,Telecom Algeria,DZ,Tizi Ouzou,15.219576716541155,4.7854365596317985,57.616,0.025814883633042546,8100,0.306013
Anaheim,7018,"AT&T Services, Inc.",US,California,93.56801787428662,20.322358283845595,15.552,0.00010703706616723921,8098,0.822479
Lakeland,33363,"BRIGHT HOUSE NETWORKS, LLC",US,Florida,255.02437419816863,17.472153611632553,15.271,0.00023701889976756213,8091,0.822479
Rajkot,55836,Reliance Jio Infocomm Limited,IN,Gujarat,28.019913194026042,2.3115593567726314,59.712,0.00010167829352249102,8088,0.717473
Victoria,6327,Shaw Communications Inc.,CA,British Columbia,121.27938163864758,71.04250171997248,12.715,2.8264499813888196e-05,8085,0.95098
Batangas,132199,Globe Telecom Inc.,PH,Calabarzon,60.32146070204517,44.15670711579536,59.339,0.007174399250785346,8079,0.828431
Zapopan,8151,Uninet S.A. de C.V.,MX,Jalisco,63.798822304370056,55.195629697918235,57.852,0.01642713306840555,8075,0.626356
Magdeburg,6805,Telefonica Germany GmbH & Co.OHG,DE,Saxony-Anhalt,13.038765147296822,6.753607510209208,41.538,0.0,8072,0.644527
Luckeesarai,55836,Reliance Jio Infocomm Limited,IN,Bihar,25.352739108949404,4.60504359998116,65.853,0.0018134906749648475,8066,0.717473
Düsseldorf,3320,Deutsche Telekom AG,DE,North Rhine-Westphalia,70.28066343025083,26.837133025422077,17.474,0.0020979306338678974,8059,0.95098
Jakarta,58369,PT. Fiber Networks Indonesia,ID,Jakarta,14.461910949450797,9.36330951007147,5.472,0.05268182420940673,8057,0.410589
Jānpur,38266,Vodafone India Ltd.,IN,Bihar,9.656315933680897,3.2852012704726876,174.107,0.0016646874204767155,8054,0.282958
Arequipa,12252,America Movil Peru S.A.C.,PE,Arequipa,27.2017254215416,19.892242138789307,134.702,0.000974874307221483,8052,0.616435
Herford,3320,Deutsche Telekom AG,DE,North Rhine-Westphalia,54.35118688161843,17.528830200988658,21.552,6.12536415289889e-06,8052,0.822479
Bochum,3209,Vodafone GmbH,DE,North Rhine-Westphalia,77.24528176170779,18.868585592001285,14.218,5.297420777452515e-06,8047,0.822479
Querétaro City,8151,Uninet S.A. de C.V.,MX,Querétaro,45.33877358150561,33.62174255040811,56.043,0.012014102022887264,8041,0.626356
Seattle,136787,TEFINCOM S.A.,US,Washington,93.31844430112042,12.16440677254239,0.16,0.0007197623429105335,8039,0.871499
Hollywood,7018,"AT&T Services, Inc.",US,Florida,309.2593657386218,255.09282423080973,4.589,0.001129479893229829,8034,1.0
Tulsa,7018,"AT&T Services, Inc.",US,Oklahoma,101.9900953494091,19.977351580499793,19.519,0.0,8019,0.822479
Toulouse,15557,SFR SA,FR,Occitanie,121.37344315168212,15.525712328073999,41.633,0.0,8018,0.822479
Carlsbad,20001,Time Warner Cable Internet LLC,US,California,181.180899453461,18.925774718612743,12.13,2.8264822176204697e-05,8006,0.822479
Vĩnh Phúc Province,7552,Viettel Group,VN,Vĩnh Phúc Province,37.6022974001958,24.14019382461393,207.913,0.011410151527127448,7998,0.333477
Bursa,20978,AVEA Iletisim Hizmetleri A.S.,TR,Bursa Province,12.857679820401113,6.9933695582831925,79.066,0.00025181797968751323,7996,0.60286
Málaga,12430,VODAFONE ESPANA S.A.U.,ES,Andalusia,42.89552846841411,29.19977034409696,23.798,0.0002747285431576512,7995,0.95098
Istanbul,206375,Netspeed Internet AS,TR,Istanbul,29.916598627306534,9.372027609665242,63.667,0.05895605161171951,7994,0.448404
Salé,36884,Wana Corporate,MA,Rabat-Salé-Kénitra,11.540295451739016,3.4129445454746348,42.792,0.039642961530678776,7989,0.34768
Medellín,52468,UFINET PANAMA S.A.,CO,Antioquia,18.57556676204944,15.13654321972823,64.0,0.06583354803531574,7988,0.369353
Nellore,131269,ACTFIBERNET Pvt Ltd,IN,Andhra Pradesh,54.588572690227174,45.76018921299151,13.0,0.006960159396804343,7976,0.870098
Wuppertal,3320,Deutsche Telekom AG,DE,North Rhine-Westphalia,56.0718641692616,21.441810493103212,21.995,0.0042650052322139274,7972,0.822479
Ulm,3209,Vodafone GmbH,DE,Baden-Wurttemberg,91.8043410565583,17.4614225207063,21.083,0.0,7965,0.822479
Pescara,30722,Vodafone Italia S.p.A.,IT,Abruzzo,42.61680933057303,11.060426972114035,44.397,0.0,7959,0.822479
Brisbane,133612,Vodafone Australia Pty.,AU,Queensland,42.15161854211679,3.284578903973836,23.441,0.0,7959,0.75914
Sétif,36947,Telecom Algeria,DZ,Sétif,15.204196939381465,2.609549420793591,51.15,0.02723004498640796,7956,0.306013
New Orleans,22773,Cox Communications Inc.,US,Louisiana,99.02082088554488,22.55614382830404,17.343,0.005352701852266889,7951,0.741597
York,7922,"Comcast Cable Communications, LLC",US,Pennsylvania,171.01517280765924,30.151436878301457,24.075,0.0017357218037246133,7940,0.95098
Thornhill,812,Rogers Communications Canada Inc.,CA,Ontario,161.2338679776191,37.42054347453296,26.429,2.199960473562626e-05,7938,0.95098
Little Rock,7018,"AT&T Services, Inc.",US,Arkansas,70.80354676865524,9.732785245834922,41.427,0.002016259746024119,7929,0.773028
Fort Lauderdale,23089,Hotwire Communications,US,Florida,215.86836034464554,86.887282020926,6.032,0.00024338739804906018,7922,1.0
Madison,4181,TDS TELECOM,US,Wisconsin,240.06194112924743,63.39124738314986,8.277,0.0011431225951413877,7916,1.0
Tel Aviv,12400,Partner Communications Ltd.,IL,Tel Aviv,83.63319670553304,31.41837455491175,8.988,0.0006759624029955336,7909,1.0
Tasikmalaya,23693,PT. Telekomunikasi Selular,ID,West Java,17.831608724633394,5.617242109997881,4.858,0.0,7907,0.693547
Gurugram,9829,National Internet Backbone,IN,Haryana,22.510202846939144,6.110606053333461,18.898,0.0021730587288287086,7903,0.644527
Karlsruhe,6805,Telefonica Germany GmbH & Co.OHG,DE,Baden-Wurttemberg,18.031219816591886,8.605155194612736,23.823,0.0,7901,0.644527
São Paulo,22616,"ZSCALER, INC.",BR,São Paulo,55.25071662942278,33.62548461331175,1.174,0.0,7893,1.0
Wembley,2856,British Telecommunications PLC,GB,England,31.083068148056835,6.910466745008131,21.25,0.00018175948023789758,7891,0.773028
Malden,21928,"T-Mobile USA, Inc.",US,Massachusetts,46.877254845704,9.613296010664838,26.465,0.0002041363661212985,7889,0.773028
Barrie,812,Rogers Communications Canada Inc.,CA,Ontario,194.66808496894564,43.416925720484265,29.349,6.911453180167819e-06,7885,0.95098
Miami,174,Cogent Communications,US,Florida,46.816538741569836,18.387620423848748,45.22,0.008561322327248566,7885,0.741597
Itajaí,28343,TPA TELECOMUNICACOES LTDA,BR,Santa Catarina,84.84749466071388,60.01791231389586,5.36,0.0029209885793893293,7881,1.0
Zaragoza,3352,TELEFONICA DE ESPANA,ES,Aragon,99.3433986300048,77.0533880624238,9.0,0.00017406064967205023,7879,1.0
Xalapa,8151,Uninet S.A. de C.V.,MX,Veracruz,26.6390358441026,22.637156387924442,60.51,0.03425599141797268,7879,0.497854
San Mateo,7922,"Comcast Cable Communications, LLC",US,California,167.58224924284949,36.45834629891089,8.887,3.438845352557138e-05,7878,1.0
Mumbai,24554,Fivenetwork Solution India Pvt Ltd Internet,IN,Maharashtra,30.346036419435833,20.476169210202194,17.615,0.03889948907991043,7861,0.539521
Osasco,18881,TELEFÔNICA BRASIL S.A,BR,São Paulo,172.466818850058,92.6127332379147,4.63,0.0013449339308914299,7858,1.0
Padang,23693,PT. Telekomunikasi Selular,ID,West Sumatra,14.17588162661568,6.657184426700798,19.393,0.003007535479109569,7851,0.644527
Nottingham,206067,Hutchison 3G UK Limited,GB,England,92.70314886691754,7.079596144635177,4.453,0.0,7843,0.822048
New York,8002,Stealth Communications,US,New York,3411.37729525305,2997.7939702480367,1.0,0.0002328588096002159,7842,1.0
Seocho-gu,9644,SK Telecom,KR,Seoul,212.15947757517037,30.53404207744852,49.658,0.0,7830,0.95098
Laval,577,Bell Canada,CA,Quebec,229.15056669385385,179.5569871845384,15.46,0.002789927928975564,7826,0.95098
London,394089,Oahu Publications,GB,England,42.04933300961437,15.950957623911918,32.91,0.0008845336368810988,7820,0.822479
Bolton,5089,Virgin Media Limited,GB,England,134.67670274429958,26.892084546804696,25.512,0.012283147240048038,7812,0.668022
Leicester,5607,Sky UK Limited,GB,England,65.90812026580491,28.084511532327014,10.985,0.000553475801139172,7798,0.95098
Kairouan,37705,TOPNET,TN,Kairouan,10.346142780560031,0.8871297773184463,48.751,0.04826296472265693,7793,0.34768
Rosario,7303,Telecom Argentina S.A.,AR,Santa Fe,44.264747615976844,12.930585927109604,12.891,3.798912778026281e-05,7789,0.822479
Sydney,136994,Southern Phone Company Ltd,AU,New South Wales,86.10538443731473,14.539221557814367,8.39,0.006929270555838247,7778,0.790616
Azamgarh,45609,Bharti Airtel Ltd. AS for GPRS Service,IN,Uttar Pradesh,22.253290829596857,2.0322865386555766,37.432,0.0025094157167047638,7769,0.630638
Nairobi,9129,MTN SA,KE,Nairobi County,12.994791685701376,9.686425644631969,4.903,0.05309357454142852,7761,0.410589
Gustavo Adolfo Madero,8151,Uninet S.A. de C.V.,MX,Mexico City,38.84272856442445,29.313988530630816,56.062,0.01758592158795329,7752,0.626356
Abbotsford,852,TELUS Communications Inc.,CA,British Columbia,174.6724113536955,105.92058488067613,11.024,0.0020704851044585125,7743,0.95098
Milton Keynes,5607,Sky UK Limited,GB,England,81.92491896517828,29.178844199452588,9.479,0.006678709761255455,7732,0.919118
Palermo,16232,TELECOM ITALIA SPA,IT,Sicily,28.666210800820558,5.30886793884878,62.51,9.432600726513183e-05,7731,0.731362
Rishikesh,45609,Bharti Airtel Ltd. AS for GPRS Service,IN,Uttarakhand,34.19910232966824,3.5651441666599166,24.011,0.0003992054373665017,7723,0.75914
Brussels,6848,Telenet BVBA,BE,Brussels Capital,49.265819121683535,14.33560124895682,17.301,0.0005102206893732537,7722,0.822479
New York,206092,Security Firewall Limited,US,New York,75.77946855668812,13.4169222975966,0.881,0.000529387956731768,7709,0.871499
Cuauhtémoc,8151,Uninet S.A. de C.V.,MX,Chihuahua,57.76554207081735,34.08368703141691,93.478,0.005607560010450453,7708,0.828431
Warsaw,12876,ONLINE S.A.S.,PL,Mazovia,18.185637260190884,0.584290412858573,13.394,0.056979134629392816,7703,0.34768
Taguig,17639,Converge ICT Solutions Inc.,PH,Metro Manila,92.32809526206695,67.4174802170641,31.839,0.0017810114160287465,7698,0.95098
Prato,30722,Vodafone Italia S.p.A.,IT,Tuscany,42.72561610495549,5.655649026142043,14.469,0.0,7697,0.773028
Solapur,55836,Reliance Jio Infocomm Limited,IN,Maharashtra,36.054212,2.8004444316891273,43.246,0.00028958657469445017,7681,0.75914
San Jose,16509,"Amazon.com, Inc.",US,California,70.7173169180914,17.4725636106457,31.481,0.0050429063737619925,7680,0.741597
Cardiff,2856,British Telecommunications PLC,GB,Wales,49.27858682348984,9.539398896667302,6.2,0.0,7672,0.822048
Berlin,207137,LEXELL MICHAL SZYDLOWSKI,DE,State of Berlin,91.38431520628927,12.86074546842175,16.0,5.430992619743899e-06,7671,0.822479
Prayagraj,45609,Bharti Airtel Ltd. AS for GPRS Service,IN,Uttar Pradesh,40.0750270470176,4.178930246483584,30.452,0.0030353761877884244,7669,0.75914
Linz,8412,T-Mobile Austria GmbH,AT,Upper Austria,32.83422881261552,12.497427285419983,26.769,2.5755144736905627e-05,7667,0.822479
Ashburn,394089,Oahu Publications,US,Virginia,66.36143163915534,26.67940500045997,8.472,0.0008945104152090364,7666,1.0
Maple,577,Bell Canada,CA,Ontario,177.18285686145876,148.0989665468208,6.439,0.0009517362117598703,7666,1.0
Fukuoka,9605,"NTT DOCOMO, INC.",JP,Fukuoka,36.57498595035709,4.929372023767858,58.875,0.0,7656,0.717473
Cipinang,38511,PT Remala Abadi,ID,Jakarta,33.70644786437457,24.39945308289866,5.459,0.02735148995687478,7654,0.588541
Agartala,45609,Bharti Airtel Ltd. AS for GPRS Service,IN,Tripura,29.980565406006697,3.538132027415319,75.485,0.0016091653830197985,7633,0.717473
Ecatepec,265540,"ALTAN REDES, S.A.P.I. de C. V.",MX,México,3.758901969804296,1.219431538996984,78.035,0.0010900770480176702,7627,0.447335
Winter Park,33363,"BRIGHT HOUSE NETWORKS, LLC",US,Florida,195.55265660464752,22.71541126366228,15.396,0.00012757692203377524,7623,0.822479
Gangtok,38266,Vodafone India Ltd.,IN,Sikkim,8.867844369153756,2.8193056690941,214.561,0.009008880823122133,7620,0.202076
Aurich,9145,EWE TEL GmbH,DE,Lower Saxony,47.656484306338655,34.6243227940972,14.701,0.00016541195981720813,7619,0.95098
Staten Island,12271,Time Warner Cable Internet LLC,US,New York,147.6015283071313,15.522112681957461,8.172,0.00031743292017350313,7619,0.871499
Irvine,7018,"AT&T Services, Inc.",US,California,139.23157779505084,91.64414132659658,8.772,0.0008589901434554247,7616,1.0
Oaxaca City,8151,Uninet S.A. de C.V.,MX,Oaxaca,17.091738289000496,10.21585814934758,66.323,0.03868002695442796,7610,0.369353
Patiāla,9829,National Internet Backbone,IN,Punjab,39.110828586137735,26.786934281810296,19.195,0.000744566307672701,7601,0.95098
Belfast,5089,Virgin Media Limited,GB,Northern Ireland,123.20508274113482,25.598855057288635,30.639,0.0047756859330195765,7588,0.95098
Bangaon,38266,Vodafone India Ltd.,IN,West Bengal,11.036197405656216,2.8728236327019574,164.845,0.012025532775245146,7584,0.141636
Trondheim,2119,Telenor Norge AS,NO,Trøndelag,26.749404490613742,0.4210512000734362,17.095,0.07431144507228846,7580,0.476181
Halifax,855,Bell Canada,CA,Nova Scotia,239.08732644924,89.95186196058103,36.739,0.0017822301422937168,7577,0.95098
Bogor,55685,PT Jala Lintas Media,ID,West Java,18.94249987303299,17.469818089167287,6.204,0.06542856278699072,7575,0.460039
San Antonio,16591,Google Fiber Inc.,US,Texas,289.3731478857345,169.4288122802011,9.943,5.2782674678625946e-05,7570,1.0
Medina,39891,Saudi Telecom Company JSC,SA,Medina Region,9.715905292632288,3.6883992152430607,127.251,0.0002961273704319368,7561,0.282958
Port Saint Lucie,7922,"Comcast Cable Communications, LLC",US,Florida,278.3335500536478,37.65499572809569,9.915,3.896942144818011e-05,7557,1.0
Edmonton,812,Rogers Communications Canada Inc.,CA,Alberta,44.227249707391735,4.842088990018834,46.777,0.0006301483134817583,7545,0.75914
Tirupur,38266,Vodafone India Ltd.,IN,Tamil Nadu,9.657251597107255,2.796346480377432,94.47,0.007920545479719087,7540,0.366453
Murshidābād,132115,INDINET SERVICE PRIVATE LIMITED,IN,West Bengal,30.606533866801865,26.704688397484205,46.842,0.021802271719557804,7539,0.668022
Hayward,7018,"AT&T Services, Inc.",US,California,147.77258546573267,41.87393836388013,9.149,2.180387508991496e-05,7530,1.0
São Paulo,4230,CLARO S.A.,BR,São Paulo,22.74235995234846,6.734658684177134,37.618,0.0021740622997543373,7526,0.644527
Captainganj,38266,Vodafone India Ltd.,IN,Uttar Pradesh,9.835816734326693,2.2750707239357815,159.86,0.008468802634318049,7526,0.202076
Bandung,18004,PT WIRELESS INDONESIA ( WIN ),ID,West Java,9.62761183743689,2.643469934128706,32.304,0.0016796491419530323,7515,0.489002
Monterey Park,20115,Charter Communications,US,California,149.7264884294181,19.388361844714936,7.047,5.023849434011714e-06,7514,0.871499
Augsburg,3209,Vodafone GmbH,DE,Bavaria,92.66960064495522,26.976948349507186,14.05,5.42031077453359e-06,7510,0.95098
Montreal,852,TELUS Communications Inc.,CA,Quebec,73.04615293601218,14.721663669467608,18.349,0.0,7489,0.822479
Marseille,12322,Free SAS,FR,Provence-Alpes-Côte d'Azur,144.55402381326635,85.89214767946962,26.714,2.8950011426112405e-05,7489,0.95098
Mersin,47331,TTNet A.S.,TR,Mersin,27.468803921678425,9.554883096891148,97.749,0.06012348559342695,7486,0.448404
North Bergen,14061,"DigitalOcean, LLC",US,New Jersey,10.070352459825001,1.3242099417317372,85.054,0.0010149147055423004,7483,0.588971
Sousse,37492,Orange Tunisie,TN,Sousse Governorate,6.3667710079142,1.9448507088360305,45.897,0.0629593332840879,7481,0.206044
Indianapolis,7018,"AT&T Services, Inc.",US,Indiana,82.94404069577871,15.189564507132282,29.624,0.0002139163002330501,7476,0.822479
Pasay,9299,Philippine Long Distance Telephone Company,PH,Metro Manila,23.37434844355503,11.66977035878041,63.906,0.046666814107906164,7473,0.369353
Dar es Salaam,36908,Vodacom Tanzania Ltd,TZ,Dar es Salaam Region,5.832495638924481,2.9191783106737175,243.0,0.06511495684244158,7461,0.0
Temara,36925,MEDITELECOM,MA,Rabat-Salé-Kénitra,19.718042012558204,11.28239909089709,32.0,0.0653089901735309,7459,0.41102
Bordeaux,3215,Orange S.A.,FR,Nouvelle-Aquitaine,172.4149905747955,33.45145428259039,36.07,0.0,7457,0.95098
Guarulhos,18881,TELEFÔNICA BRASIL S.A,BR,São Paulo,178.35088957473903,93.29962542696705,4.763,0.00127774499802255,7457,1.0
Böblingen,3209,Vodafone GmbH,DE,Baden-Wurttemberg,97.12078417757114,22.514438753260354,21.03,0.0,7451,0.822479
Málaga,12479,Orange Espagne SA,ES,Andalusia,47.066188743130766,18.181230654961,22.786,0.0003156366391010668,7449,0.822479
Izmir,15897,Vodafone Telekomunikasyon A.S.,TR,İzmir Province,26.223428967107484,6.274600730344494,61.074,0.0,7447,0.731362
Izmir,8386,VODAFONE NET ILETISIM HIZMETLERI ANONIM SIRKETI,TR,İzmir Province,33.1542432944828,9.012964701811859,64.763,0.05774227523396839,7444,0.448404
Tirupur,24186,RailTel Corporation is an Internet Service Provider. It has one of,IN,Tamil Nadu,31.317837266525146,22.077749673451372,21.196,0.07591539163924332,7443,0.539521
Toronto,36183,"Akamai Technologies, Inc.",CA,Ontario,112.70503296122212,28.89530382826099,12.405,0.0,7443,0.95098
Oakville,577,Bell Canada,CA,Ontario,92.51427377753797,40.49740355278253,10.278,0.004751766419400348,7443,0.95098
Tijuana,8151,Uninet S.A. de C.V.,MX,Baja California,57.44205609644692,48.222449210396135,6.614,0.0007759578221202257,7440,1.0
La Marsa,37693,OOREDOO TUNISIE SA,TN,Tunis Governorate,19.945635550610284,8.759976324712627,24.664,0.002800474278208692,7437,0.644527
El Mourouj,37492,Orange Tunisie,TN,Ben Arous Governorate,7.746556913799521,0.7485130833566225,46.862,0.08311377277350304,7431,0.206044
Québec,5769,Videotron Telecom Ltee,CA,Quebec,155.76380256171237,41.974157792340776,10.002,0.0001772726389035188,7419,0.95098
Rabat,36884,Wana Corporate,MA,Rabat-Salé-Kénitra,12.424141011557174,4.782488539538965,41.849,0.04501108621239268,7417,0.34768
Cuautitlán Izcalli,8151,Uninet S.A. de C.V.,MX,México,40.8947948101901,27.771718620160016,23.274,0.01505826261665314,7415,0.668022
Cork,5466,Eircom Limited,IE,Munster,93.77339997438011,49.721067938292244,8.235,9.035739220142959e-05,7413,1.0
Barcelona,57269,DIGI SPAIN TELECOM S.L.U.,ES,Catalonia,147.21608464685798,96.74065533802194,24.948,0.011499402141313751,7411,0.668022
Ankara,8386,VODAFONE NET ILETISIM HIZMETLERI ANONIM SIRKETI,TR,Ankara,30.570269416951717,7.516830104558718,72.0,0.05592532862159501,7409,0.448404
Ranchi,24186,RailTel Corporation is an Internet Service Provider. It has one of,IN,Jharkhand,24.466959996872227,15.414007844745045,35.637,0.07690759869867855,7408,0.41102
Hayward,6167,Cellco Partnership DBA Verizon Wireless,US,California,44.52501851308575,4.974898740732378,20.131,3.390077887039455e-05,7406,0.75914
Bra,16232,TELECOM ITALIA SPA,IT,Piedmont,20.044672862542008,3.675404579349669,26.008,0.00030666654279743567,7402,0.630638
Sunnyvale,7018,"AT&T Services, Inc.",US,California,261.5072731719361,181.88462471918876,8.021,0.002770309854620228,7392,1.0
Pescara,1267,Wind Telecomunicazioni SpA,IT,Abruzzo,23.495831494252368,9.792109448539712,50.966,0.001171735339256803,7385,0.60286
New York,394089,Oahu Publications,US,New York,67.5760500258114,21.51865930874527,13.537,0.00185248436283887,7381,0.822479
Egelsbach,8899,inexio Informationstechnologie und Telekommunikation Gmbh,DE,Hesse,95.26442969852579,64.92296550915184,14.381,0.004884780006259314,7379,0.95098
Mumbai,132220,JPR Digital Pvt. Ltd.,IN,Maharashtra,29.185463456450194,27.622344060452917,4.072,0.05217152281473337,7373,0.717042
Düsseldorf,62044,Zscaler Switzerland GmbH,DE,North Rhine-Westphalia,45.431573676057255,26.821088602977643,6.408,0.0,7368,1.0
Brescia,31115,INTRED S.P.A.,IT,Lombardy,69.04758619324252,37.5312719862248,13.122,0.001332789812966599,7365,0.95098
Bānsjora,55836,Reliance Jio Infocomm Limited,IN,Jharkhand,25.953719231756853,4.517035235567558,67.049,0.0015800673304787003,7361,0.717473
Seoul,9644,SK Telecom,KR,Seoul,212.87335418902563,32.45311835842286,50.023,0.0,7356,0.909314
Istanbul,13335,"Cloudflare, Inc.",TR,Istanbul,41.37783748872932,3.913939565074275,12.886,0.0,7352,0.75914
Sousse,327934,SOCIETE NATIONALE DES TELECOMMUNICATIONS (Tunisie Telecom),TN,Sousse Governorate,18.64549602343047,6.88811645865716,32.681,0.015951442406898317,7352,0.361569
Durban,36994,Vodacom,ZA,KwaZulu-Natal,25.362119418609332,19.380770044990474,17.341,0.002616150054892434,7341,0.822479
Modesto,7922,"Comcast Cable Communications, LLC",US,California,189.09291460066635,29.658675413245867,13.406,8.541393288453967e-05,7332,0.95098
Vancouver,812,Rogers Communications Canada Inc.,CA,British Columbia,30.371461868301427,4.481493965981268,58.91,0.00021334631548049457,7332,0.717473
Sofia,12716,A1 Bulgaria EAD,BG,Sofia-Capital,37.485407134254366,8.144678672492926,34.625,7.745806471717293e-06,7329,0.773028
Livermore,7922,"Comcast Cable Communications, LLC",US,California,199.99864017178007,38.445329374810896,8.847,3.530695700992729e-05,7329,1.0
Melbourne,18390,Spin Internet Services,AU,Victoria,91.79750617167161,27.59881292866562,9.373,0.005223512591505988,7328,0.919118
Burnaby,6327,Shaw Communications Inc.,CA,British Columbia,173.94878661892096,58.26206273130256,15.522,5.5042766147847735e-06,7328,0.95098
Gilroy,20115,Charter Communications,US,California,127.98678644228339,18.015446881059017,19.607,2.7175579041176454e-05,7325,0.822479
Paris,8399,SEWAN SAS,FR,Île-de-France,92.84332378519171,87.8516022677898,14.054,0.01397976209354108,7313,0.668022
Marseille,3215,Orange S.A.,FR,Provence-Alpes-Côte d'Azur,163.9789724516157,25.892162883138873,26.59,0.0,7312,0.95098
Ben Arous,327934,SOCIETE NATIONALE DES TELECOMMUNICATIONS (Tunisie Telecom),TN,Ben Arous Governorate,14.640287342543369,5.462752978785701,30.714,0.022275015176646606,7310,0.361569
Nakhon Ratchasima,131445,Advance Wireless Network,TH,Nakhon Ratchasima,8.658787310875278,4.452162066871173,79.703,0.04136558571260721,7309,0.164377
Palmdale,20001,Time Warner Cable Internet LLC,US,California,226.78832359166773,18.34254963533124,10.208,1.1010927549940675e-05,7309,0.822479
Wolfsburg,60294,Deutsche Glasfaser Wholesale GmbH,DE,Lower Saxony,37.28792390588916,67.05976448442581,26.075,0.08186765579212789,7306,0.668022
Secaucus,199218,SAS Neo Services,US,New Jersey,132.88783754394052,19.912101254889205,1.827,0.0,7306,0.871499
Paterson,6128,Cablevision Systems Corp.,US,New Jersey,250.56029515258686,52.60211034475724,6.176,0.0017143019289988615,7299,1.0
Kasba Maker,45609,Bharti Airtel Ltd. AS for GPRS Service,IN,Bihar,41.86480568854833,5.35825701426006,67.977,0.0051824861147455,7290,0.650479
Novi Sad,31042,Serbia BroadBand-Srpske Kablovske mreze d.o.o.,RS,Vojvodina,82.46411690529013,28.353461184087767,7.304,0.0016696537925950177,7286,1.0
Fremont,7018,"AT&T Services, Inc.",US,California,199.3995966008833,112.98222670398954,8.185,0.0008557513700339158,7279,1.0
Miami Beach,11776,"Atlantic Broadband Finance, LLC",US,Florida,224.44530013177607,36.15646653175414,4.95,0.0023766078108824183,7273,1.0
Plainfield,7922,"Comcast Cable Communications, LLC",US,Illinois,301.87795476732447,39.48122528606738,7.974,1.2800660744445688e-05,7270,1.0
Richmond Hill,577,Bell Canada,CA,Ontario,167.19097911150655,162.29774027558923,5.733,0.0011242742027298832,7264,1.0
Fresno,7018,"AT&T Services, Inc.",US,California,142.4346572459023,94.27321212487264,16.276,0.009365470455150586,7262,0.870098
Langley,852,TELUS Communications Inc.,CA,British Columbia,192.2325883846401,133.2510084681324,11.045,0.0015575600988296848,7254,0.95098
Puebla City,13999,"Mega Cable, S.A. de C.V.",MX,Puebla,41.43646703191763,25.59727849065101,67.179,0.026026735166458124,7253,0.626356
Leeds,5607,Sky UK Limited,GB,England,85.3594948593821,28.268540415611547,10.011,0.00903127708495578,7249,0.870098
Miami,23089,Hotwire Communications,US,Florida,202.65489940075324,94.00966429944029,5.567,0.0012647060533255078,7245,1.0
Bengaluru,56268,Northeast Dataa Network Pvt Ltd,IN,Karnataka,57.449518569491445,29.485230838830116,9.821,0.06371400697763471,7235,0.717042
Mission Viejo,22773,Cox Communications Inc.,US,California,219.47242001522295,35.20592735288718,7.096,0.00043123250706878283,7226,1.0
Rockford,7922,"Comcast Cable Communications, LLC",US,Illinois,142.50284413696477,38.940257284381296,10.206,0.00027552173331755634,7216,0.95098
Noida,133982,Excitel Broadband Private Limited,IN,Uttar Pradesh,80.26834285453722,35.46633050975931,8.757,0.013601191557380026,7208,0.717042
Nottingham,5607,Sky UK Limited,GB,England,70.33084156829084,24.864826270633056,10.843,0.009134091977470195,7205,0.741597
Melbourne,33363,"BRIGHT HOUSE NETWORKS, LLC",US,Florida,267.39095945776785,20.045150154352793,15.796,0.005910107991606983,7204,0.741597
Settat,36903,Office National des Postes et Telecommunications ONPT (Maroc Telecom) / IAM,MA,Casablanca-Settat,14.074824404380065,4.370501012424068,59.445,0.04729311191246662,7204,0.306013
Samsun,9121,Turk Telekomunikasyon Anonim Sirketi,TR,Samsun,18.544002249511095,7.356142644202728,95.167,0.06137186137970443,7199,0.319902
Enfield,5089,Virgin Media Limited,GB,England,165.27218209292624,35.053674101086756,9.158,5.553312430099027e-05,7191,1.0
Linz,12605,LIWEST Kabelmedien GmbH,AT,Upper Austria,90.56645284032781,18.540094767924185,20.659,4.547822679639938e-05,7189,0.822479
Glasgow,13285,TalkTalk Communications Limited,GB,Scotland,67.83682017907893,19.678648082027877,25.302,0.0005175448609620581,7184,0.822479
Patna,133982,Excitel Broadband Private Limited,IN,Bihar,70.50661148145038,34.87071305329385,55.626,0.015467387820664778,7183,0.626356
Ghaziabad,133711,Home Broadband Services LLP,IN,Uttar Pradesh,50.86948105317547,34.47933907437933,8.45,0.024995929850144562,7181,0.717042
Rome,198471,Linkem spa,IT,Lazio,21.851228692211855,5.4112191662523434,44.816,0.006889653475204723,7166,0.563645
Vienna,136787,TEFINCOM S.A.,AT,Vienna,106.45864976860025,12.473260895781241,5.0,0.00016880807359136575,7150,0.871499
Caloocan City,9299,Philippine Long Distance Telephone Company,PH,Metro Manila,36.47202434791478,23.294601072297695,54.584,0.048644574282783876,7148,0.497854
Vancouver,40029,Novus Entertainment Inc.,CA,British Columbia,241.78372154466382,76.86634242649748,3.39,0.00013102943890069607,7147,1.0
Gorakhpur,55836,Reliance Jio Infocomm Limited,IN,Uttar Pradesh,6.484739468365864,0.7586463705442243,34.951,0.0,7146,0.489002
Warsaw,9141,UPC Polska Sp. z o.o.,PL,Mazovia,148.36397941197265,7.252859750991392,8.511,0.000661911919917454,7145,0.822048
Fukuoka,4713,NTT Communications Corporation,JP,Fukuoka,91.80168765949371,68.06697202672666,48.03,0.041529246501328984,7144,0.668022
Balikpapan,23693,PT. Telekomunikasi Selular,ID,East Kalimantan,11.469487329240742,5.329725410795247,34.864,0.0,7134,0.644527
Khouribga,36903,Office National des Postes et Telecommunications ONPT (Maroc Telecom) / IAM,MA,Béni Mellal-Khénifra,23.075073019775555,15.76878113799384,54.083,0.03292682714595298,7132,0.369353
Baton Rouge,22773,Cox Communications Inc.,US,Louisiana,134.72231478617041,27.795218913392315,14.736,0.0009526412524689075,7132,0.95098
San Antonio,6167,Cellco Partnership DBA Verizon Wireless,US,Texas,52.2118015152794,6.311877259783061,34.113,1.2268699391106078e-05,7114,0.773028
Broomfield,7922,"Comcast Cable Communications, LLC",US,Colorado,205.55075779477963,37.91822230434963,7.774,8.434475943719612e-05,7112,1.0
Tiruchirappalli,55836,Reliance Jio Infocomm Limited,IN,Tamil Nadu,14.87885735423855,2.9189262804472533,30.055,0.0005730892460083912,7109,0.630638
Bhubaneswar,9829,National Internet Backbone,IN,Odisha,27.259627077766513,28.542519296409974,37.305,0.02358964968072505,7103,0.668022
Alexandria,701,"MCI Communications Services, Inc. d/b/a Verizon Business",US,Pennsylvania,271.84373892208214,128.78395595551711,5.2,0.0018117483228882827,7102,1.0
Azamgarh,24186,RailTel Corporation is an Internet Service Provider. It has one of,IN,Uttar Pradesh,28.985204945678646,14.359476386932233,19.149,0.016321930245663835,7098,0.539521
Twistringen,44656,HOLOSFIND SRL,DE,Lower Saxony,68.15551704232554,45.787204990345536,7.313,5.539262840547261e-06,7082,1.0
Sarasota,7922,"Comcast Cable Communications, LLC",US,Florida,217.83042573405103,32.60560004919604,11.275,2.0535823726837885e-05,7078,0.95098
Batam,7713,PT Telekomunikasi Indonesia,ID,Riau Islands,15.76067754189962,8.882874070569008,8.562,0.008819619058854358,7077,0.612664
Sheffield,5607,Sky UK Limited,GB,England,61.16920526801362,20.371665026679786,11.592,0.013717959869129739,7072,0.539521
Faridabad,55836,Reliance Jio Infocomm Limited,IN,Haryana,23.11603121588433,17.949900002589803,15.532,0.01928550491588616,7069,0.41102
Dnipro,15895,"""Kyivstar"" PJSC",UA,Dnipropetrovsk Oblast,10.341991633734485,4.616116901194804,40.862,4.5445835104979204e-05,7066,0.630638
Salzburg,8412,T-Mobile Austria GmbH,AT,Salzburg,32.66189881767942,13.655416349595065,35.592,0.0,7063,0.822479
Chicago,54113,Fastly,US,Illinois,94.13896446676023,19.567770332539745,1.0,0.0,7052,0.871499
Lagos,328309,Globacom Limited,NG,Lagos,5.361198903782143,1.8673574764803895,27.734,0.0020696877234031496,7048,0.489002
Basel,6730,Sunrise Communications AG,CH,Basel-City,37.82128775821304,17.329604017900714,18.845,8.47445096020063e-06,7046,0.822479
Lisbon,62044,Zscaler Switzerland GmbH,PT,Lisbon,17.699318079297353,13.297680850640429,8.962,0.0,7044,0.742997
Meerut,24560,"Bharti Airtel Ltd., Telemedia Services",IN,Uttar Pradesh,23.138352970009766,12.169281234440916,24.191,0.07467126287761983,7044,0.41102
Birmingham,7018,"AT&T Services, Inc.",US,Alabama,182.73119065317726,99.97994667673586,80.304,0.0,7039,0.909314
London,36183,"Akamai Technologies, Inc.",GB,England,102.14404784687353,25.358189717152804,1.594,5.732148005077829e-05,7039,1.0
Rourkela,9829,National Internet Backbone,IN,Odisha,33.03406506161935,21.628573542852916,46.827,0.012898304175328335,7033,0.539521
Modena,1267,Wind Telecomunicazioni SpA,IT,Emilia-Romagna,69.67054691323666,18.05149567042771,20.954,0.0003044253626048198,7029,0.822479
Lake Worth,7922,"Comcast Cable Communications, LLC",US,Florida,212.8890738463409,40.7632957872674,11.251,0.00015028413093504908,7029,0.95098
Hamilton,577,Bell Canada,CA,Ontario,193.06270650428112,161.80781395480926,6.927,0.0011666286953089986,7026,1.0
Banda Aceh,7713,PT Telekomunikasi Indonesia,ID,Aceh,5.061236682628993,5.172324747748274,25.0,0.038318638904264846,7019,0.219933
Nagoya,4713,NTT Communications Corporation,JP,Aichi,92.88018015855873,88.87892565557799,12.344,0.02612036876798696,7010,0.668022
Poznan,8374,Polkomtel Sp. z o.o.,PL,Greater Poland,6.636898855275859,2.985437409658745,47.0,0.002639699971853343,7010,0.489002
Copenhagen,3292,TDC A/S,DK,Capital Region,271.79332624508044,94.57680831715192,13.76,0.003361027277268636,7003,0.95098
Arlington Heights,7922,"Comcast Cable Communications, LLC",US,Illinois,217.0160630485662,46.157164956546175,7.396,2.4838459564657642e-05,6998,1.0
Marseille,15557,SFR SA,FR,Provence-Alpes-Côte d'Azur,152.9160761500899,85.35340141312807,16.356,0.0005607142224642529,6991,0.95098
Hialeah,7922,"Comcast Cable Communications, LLC",US,Florida,158.9998723724812,36.63868020751253,7.691,3.823377997235919e-05,6989,1.0
Silver Spring,701,"MCI Communications Services, Inc. d/b/a Verizon Business",US,Maryland,225.7908602807946,110.81099468880153,5.25,0.001205742625522077,6981,1.0
Pittsburgh,7922,"Comcast Cable Communications, LLC",US,Pennsylvania,117.61225709052114,28.541031835977847,16.846,0.006001020696646013,6981,0.870098
Brno,16019,Vodafone Czech Republic a.s.,CZ,South Moravian,29.64324565603188,14.860990454892683,16.663,8.924346055973247e-05,6966,0.822479
Boise,21928,"T-Mobile USA, Inc.",US,Idaho,70.59445652815009,9.383305356007966,44.989,0.0004195316917386141,6962,0.773028
Schwedt,61028,Stadtwerke Schwedt GmbH,DE,Brandenburg,67.75464361140523,48.70731493175657,31.781,0.013071932323406777,6959,0.668022
London,577,Bell Canada,CA,Ontario,164.58857652370435,107.86804475355984,9.202,0.0016677255641658585,6953,1.0
Jamnagar,55836,Reliance Jio Infocomm Limited,IN,Gujarat,39.27404506673829,3.3305664940866935,34.662,0.00019916046442117368,6939,0.75914
Adana,47331,TTNet A.S.,TR,Adana,25.419982620330213,9.338629275077974,91.745,0.06031367948815531,6938,0.448404
Chiang Mai,17552,"TRUE INTERNET CO., LTD.",TH,Chiang Mai,25.603602592348494,51.66098680823848,69.395,0.006230719855211929,6936,0.828431
Chicago,136787,TEFINCOM S.A.,US,Illinois,178.54773075680774,22.60527044149927,0.58,0.0001972499596036718,6935,0.871499
Dhaka,23956,AmberIT Limited,BD,Dhaka Division,21.260826659557587,29.445007770594376,65.556,0.10123730310341897,6935,0.497854
Birmingham,5607,Sky UK Limited,GB,England,72.61616133939908,27.89794856948859,8.922,0.007351772975387978,6932,0.919118
Denver,394089,Oahu Publications,US,Colorado,60.183416566593756,21.548163849872246,26.486,0.0011849692326223952,6930,0.822479
Marseille,62044,Zscaler Switzerland GmbH,FR,Provence-Alpes-Côte d'Azur,32.08763738031734,10.31515550538751,0.349,0.0,6927,0.871499
Springdale,395662,"OzarksGo, LLC",US,Arkansas,786.0878254243491,876.2789263834601,9.368,0.00011607215147832601,6919,1.0
Nagoya,18126,"Chubu Telecommunications Company, Inc.",JP,Aichi,147.38817901713384,121.91519183332913,8.995,0.002393383638044231,6917,1.0
Citrus Heights,7922,"Comcast Cable Communications, LLC",US,California,199.5869265337903,38.76761271672717,10.39,2.288603484141337e-05,6916,0.95098
Palo Alto,7018,"AT&T Services, Inc.",US,California,202.34997479011597,162.92022448865512,8.45,0.0012177883429395477,6910,1.0
Maheshpur,55836,Reliance Jio Infocomm Limited,IN,West Bengal,42.955815501034316,3.228799386603735,63.927,0.00017899465209734737,6907,0.717473
Cainta,9299,Philippine Long Distance Telephone Company,PH,Calabarzon,54.266685744974424,36.06659864682311,59.245,0.01826997602696516,6904,0.626356
Lucknow,133982,Excitel Broadband Private Limited,IN,Uttar Pradesh,56.851710010669755,44.02652313103986,25.962,0.020832669026285302,6903,0.668022
Chandigarh,9829,National Internet Backbone,IN,Chandigarh,29.50999283510242,19.14201382656446,15.877,0.0035235695913986057,6903,0.822479
Paris,16509,"Amazon.com, Inc.",FR,Île-de-France,56.491448561746935,26.91817914096933,14.447,0.00198891242098779,6901,0.95098
Bengaluru,24186,RailTel Corporation is an Internet Service Provider. It has one of,IN,Karnataka,36.527641881515414,26.734636151118544,16.41,0.08133446671539231,6897,0.668022
Orlando,23314,Summit Broadband,US,Florida,336.3585199324742,309.5873576709074,9.749,0.002510110971560897,6896,1.0
Damascus,14593,Space Exploration Technologies Corporation,SY,Damascus Governorate,2.1023966236245792,1.4255524814506282,272.081,0.14336367395256894,6896,0.0
Kanpur,9829,National Internet Backbone,IN,Uttar Pradesh,36.73401324878585,23.843096408782596,21.388,0.0014158404463157014,6888,0.822479
Kochi,17465,Cable ISP in India,IN,Kerala,47.30957914238273,24.01036933350813,18.433,0.024548719677333117,6879,0.539521
Wigan,5089,Virgin Media Limited,GB,England,138.00067960290588,32.221389935081135,28.967,0.0161837077307946,6877,0.668022
Camden,2856,British Telecommunications PLC,GB,England,38.316565086994586,8.711356376346144,11.529,6.169368218030603e-06,6871,0.773028
Sīkar,45609,Bharti Airtel Ltd. AS for GPRS Service,IN,Rajasthan,53.25486124138196,5.2565756355336015,33.508,0.0008091627764238231,6871,0.773028
Medellín,27831,Colombia Móvil,CO,Antioquia,9.076172356794551,6.576269844158535,123.982,0.0006235311355689658,6863,0.296847
Riyadh,35753,Integrated Telecom Co. Ltd,SA,Riyadh Region,29.459051867025106,29.896461168038524,96.023,0.0010892521448519685,6862,0.909314
Marseille,5410,Bouygues Telecom SA,FR,Provence-Alpes-Côte d'Azur,108.1173468882663,53.79162198925582,5.32,8.855297736584001e-06,6860,1.0
Seoul,4766,Korea Telecom,KR,Seoul,93.41381858937737,93.00452303984358,4.087,0.010547322494680012,6859,0.717042
Newark,6128,Cablevision Systems Corp.,US,New Jersey,201.50444060206118,34.45741019507424,6.581,0.0013642261563041307,6851,1.0
New York,136787,TEFINCOM S.A.,US,New York,128.38718209219772,12.264314720873092,0.909,0.0016505167697771416,6845,0.871499
Chicago,62240,Clouvider Limited,US,Illinois,184.48643750973747,21.472436346647978,0.291,0.0004187567824485909,6839,0.871499
Batna City,36947,Telecom Algeria,DZ,Batna,11.741244418722436,0.9439824562368409,48.0,0.044301498443561405,6832,0.34768
Tel Aviv,1680,013 NetVision Ltd,IL,Tel Aviv,56.576734370287525,20.759093024988363,12.016,0.0009471624636911455,6831,0.822479
Auburn,7922,"Comcast Cable Communications, LLC",US,Alabama,157.44229392865373,38.18135076784309,10.063,5.799518712871736e-05,6831,0.95098
Magdeburg,3320,Deutsche Telekom AG,DE,Saxony-Anhalt,53.974696425100056,20.906471736744606,23.94,0.00836261369550051,6820,0.741597
Hisar,45271,Idea Cellular Limited,IN,Haryana,12.58715475966673,4.023084168781535,35.049,0.002058652785457521,6819,0.630638
Indianapolis,7922,"Comcast Cable Communications, LLC",US,Indiana,117.70881784061918,22.885707468861828,21.142,0.0036953356525596436,6818,0.822479
San Isidro,265691,WI-NET TELECOM S.A.C.,PE,Lima region,77.77993150114409,63.656783496672965,53.53,3.5743559704148635e-05,6812,0.909314
Málaga,3352,TELEFONICA DE ESPANA,ES,Andalusia,88.23444815792648,30.32483117531937,25.062,0.002161600528956365,6808,0.95098
Wuppertal,3209,Vodafone GmbH,DE,North Rhine-Westphalia,75.49962850097451,18.61539853827915,12.897,9.847469535416903e-05,6791,0.822479
Magnesia ad Sipylum,9121,Turk Telekomunikasyon Anonim Sirketi,TR,Manisa,23.132109746974443,5.6380204146698105,86.872,0.0613669894344704,6789,0.319902
Columbus,10796,Time Warner Cable Internet LLC,US,Ohio,133.11530687714102,23.593636893998834,30.193,0.0013272233128840947,6776,0.822479
São Paulo,52613,VIP BR TELECOM LTDA - ME,BR,São Paulo,68.85894078294845,67.24307517908424,6.112,0.0011770873607075563,6759,1.0
Nabeul,37705,TOPNET,TN,Nabeul Governorate,10.601949920426256,1.5943782252623682,42.062,0.030420511664212186,6756,0.34768
Delhi,136946,Weebo networks Pvt Ltd,IN,National Capital Territory of Delhi,70.20882791646883,28.42866317107995,6.149,0.007397520949824553,6749,0.919118
Fairfax,22773,Cox Communications Inc.,US,Virginia,119.55173240993867,23.72901105766327,5.032,0.0005440890381353836,6743,0.871499
Rome,5394,UNIDATA S.p.A.,IT,Lazio,91.8328073511185,59.42846057247062,12.894,0.006998483705642031,6743,0.870098
Boston,21928,"T-Mobile USA, Inc.",US,Massachusetts,76.18578869217856,10.135867999555629,23.293,0.00013572003276542547,6742,0.822479
Nabadwip,55836,Reliance Jio Infocomm Limited,IN,West Bengal,57.753095864701024,3.507674689369954,41.894,8.142199719235299e-05,6742,0.75914
Bielefeld,3209,Vodafone GmbH,DE,North Rhine-Westphalia,86.39077206250023,20.25180846975544,16.838,5.509238080520928e-06,6740,0.822479
Radès,37492,Orange Tunisie,TN,Ben Arous Governorate,16.561807169507127,7.520744733456137,45.228,0.0006876614656088365,6736,0.644527
Fayetteville,395662,"OzarksGo, LLC",US,Arkansas,883.6291963261963,865.7112716021098,9.0,0.0005093780947973449,6732,1.0
Bari,30722,Vodafone Italia S.p.A.,IT,Apulia,45.68879284790631,15.781559790384849,54.02,0.0,6728,0.780812
Handorf,6805,Telefonica Germany GmbH & Co.OHG,DE,Lower Saxony,20.015567754567623,5.867072257946454,33.045,0.0,6727,0.644527
Modena,16232,TELECOM ITALIA SPA,IT,Emilia-Romagna,41.400145555837106,4.040395087071032,20.944,0.0,6725,0.75914
Virginia Beach,701,"MCI Communications Services, Inc. d/b/a Verizon Business",US,Virginia,202.74667978949543,87.60719556826591,12.382,0.003807390841200771,6723,0.95098
Malappuram,45609,Bharti Airtel Ltd. AS for GPRS Service,IN,Kerala,8.945323673455112,1.6931770454583637,40.084,0.0007759615528267847,6709,0.489002
Brisbane,14593,Space Exploration Technologies Corporation,AU,Queensland,75.42579685528129,8.3141684544147,36.396,0.015254687160678522,6709,0.49007
Gustavo Adolfo Madero,28548,"Cablevisión, S.A. de C.V.",MX,Mexico City,40.07617109835717,6.838546362105583,61.836,0.0015670776818476103,6708,0.731362
Bekasi,38511,PT Remala Abadi,ID,West Java,29.857657977464132,25.693419556333147,5.176,0.020491312195531505,6705,0.717042
Nagoya,9605,"NTT DOCOMO, INC.",JP,Aichi,41.77683472005388,4.763421501980347,28.851,0.0,6700,0.75914
Birmingham,35228,Telefonica UK Limited,GB,England,47.782349168343984,2.813505567187543,7.792,0.0,6698,0.808159
Faridabad,134940,Faridabad Netcom Pvt. Ltd.,IN,Haryana,62.56908881173815,39.59386906820229,8.532,0.03026049751934678,6695,0.717042
Traverse City,20115,Charter Communications,US,Michigan,204.18590268318326,11.76507079867861,14.067,0.0004236121887045056,6691,0.822479
Bauru,262659,ULTRAWAVE TELECOM,BR,São Paulo,60.18831653044055,54.118474477900236,10.956,0.03247347539813972,6681,0.668022
Genoa,1267,Wind Telecomunicazioni SpA,IT,Liguria,75.41233967012826,31.961101485923237,12.275,0.0013559039600753947,6679,0.95098
San Francisco,32329,Monkey Brains,US,California,83.09352164311207,56.42199539508674,7.393,0.007787231588358244,6674,0.919118
Southwark,56478,Hyperoptic Ltd,GB,England,177.60697583307677,164.25935382218435,3.273,0.0007201752924196942,6672,1.0
Tirupati,131269,ACTFIBERNET Pvt Ltd,IN,Andhra Pradesh,54.23648288507044,47.85417229122345,14.121,0.005930759858746834,6671,0.870098
Tlemcen,36947,Telecom Algeria,DZ,Tlemcen,14.720152510032621,5.197453166817573,45.746,0.021092233495427347,6668,0.361569
Albuquerque,209,"Qwest Communications Company, LLC",US,New Mexico,23.329825880886087,4.16940895173279,32.461,0.043544186241701456,6667,0.34768
Wellington,9500,Vodafone NZ Internet Operations,NZ,Wellington Region,99.7406459636302,68.56217803443747,5.877,6.341639707865977e-06,6665,1.0
Santa Clarita,20001,Time Warner Cable Internet LLC,US,California,173.36578130088807,18.11459376003088,9.714,2.7708525866840277e-05,6660,0.871499
Gorakhpur,45609,Bharti Airtel Ltd. AS for GPRS Service,IN,Uttar Pradesh,38.07062201732439,4.168639906786042,28.619,0.0019482305375496496,6659,0.75914
Brighton,5089,Virgin Media Limited,GB,England,132.67166045209618,31.38113574754153,11.226,5.7144482795147394e-05,6650,0.95098
Butuan,132199,Globe Telecom Inc.,PH,Caraga,56.38471288179772,36.14779434548326,71.68,0.004407003810160489,6647,0.909314
Bradenton,33363,"BRIGHT HOUSE NETWORKS, LLC",US,Florida,228.196245777448,21.486535505902236,15.584,0.0001064395046284625,6646,0.822479
Omaha,22773,Cox Communications Inc.,US,Nebraska,120.74647089057191,24.32338080698203,23.964,0.021376490552440557,6643,0.539521
Seville,12479,Orange Espagne SA,ES,Andalusia,49.001290411819454,28.212326605485504,25.568,0.00023200585491170336,6642,0.95098
Cali,3816,COLOMBIA TELECOMUNICACIONES S.A. ESP,CO,Valle del Cauca Department,34.40989805988176,26.616093825571014,133.305,0.00030543007560206685,6642,0.744936
Caracas,14593,Space Exploration Technologies Corporation,VE,Distrito Federal,12.87445185281672,3.9751837897077764,50.204,0.04744883402274104,6642,0.306013
Naples,16232,TELECOM ITALIA SPA,IT,Campania,27.68559417019648,4.344027478488683,68.226,0.00013766317363745275,6642,0.717473
Wroclaw,5617,Orange Polska Spolka Akcyjna,PL,Lower Silesia,43.43833180567919,17.729333397594257,31.595,0.0,6641,0.822479
Monrovia,20001,Time Warner Cable Internet LLC,US,California,125.68479200372775,18.704091068132403,11.068,6.603954984816251e-05,6641,0.822479
Pleasanton,7922,"Comcast Cable Communications, LLC",US,California,225.6073225888263,40.92054132196241,8.692,4.933516735372055e-05,6627,1.0
Thrissur,9829,National Internet Backbone,IN,Kerala,40.536440959205,24.536931559660072,20.493,0.0030246544718147495,6626,0.822479
New York,396356,Datavox Inc.,US,New York,82.56345880192139,9.88153932381468,0.873,0.0007111965183911305,6618,0.822048
Bilbao,12430,VODAFONE ESPANA S.A.U.,ES,Basque Country,57.89355104657464,30.55755077103375,17.033,8.916223745521188e-05,6617,0.95098
Kitchener,577,Bell Canada,CA,Ontario,109.01264926078728,17.628660590278386,9.14,5.444753855701658e-06,6617,0.871499
Barmstedt,13101,ennit server GmbH,DE,Schleswig-Holstein,19.072181500694125,59.26072130034101,23.0,0.16830553783600044,6611,0.539521
Austin,6167,Cellco Partnership DBA Verizon Wireless,US,Indiana,55.05085384041648,7.304852139569295,34.083,6.975705151964657e-06,6604,0.773028
Chennai,135247,K Net Solutions Pvt Ltd,IN,Tamil Nadu,45.46199742920874,34.79395796591946,34.988,0.045868786368038116,6603,0.668022
Toronto,13335,"Cloudflare, Inc.",CA,Ontario,62.809444854931186,14.801450083602901,1.199,8.479939572816231e-05,6601,0.871499
Kochi,55836,Reliance Jio Infocomm Limited,IN,Kerala,30.24147619420207,5.41030985727339,28.567,0.0003007015743606803,6593,0.773028
Perugia,3269,Telecom Italia S.p.a.,IT,Umbria,49.28703090033681,19.581908992164248,33.483,0.003614019345447033,6593,0.822479
Edinburgh,5607,Sky UK Limited,GB,Scotland,71.67083625332398,27.67837967076713,24.929,0.022647824793337486,6591,0.668022
Plymouth,5089,Virgin Media Limited,GB,England,135.67940018222353,30.89202839756998,12.13,6.284214853202627e-05,6591,0.95098
Chennai,36183,"Akamai Technologies, Inc.",IN,Tamil Nadu,41.045428387411604,17.38291001532648,24.026,0.0,6588,0.822479
Poplar,62240,Clouvider Limited,GB,England,85.47894747598528,17.2298913903195,0.942,0.00014436688320632136,6586,0.871499
Redwood City,7922,"Comcast Cable Communications, LLC",US,California,169.2504779030765,39.37491533979429,9.008,7.379470025076124e-05,6584,1.0
Yonkers,6128,Cablevision Systems Corp.,US,New York,230.67193538040922,32.577202346828706,6.357,0.0006823647493107695,6559,1.0
Nantes,15557,SFR SA,FR,Pays de la Loire,126.4640288081022,25.773806412053503,10.114,0.0,6556,0.95098
Croydon,5089,Virgin Media Limited,GB,England,138.5862806027015,36.235530113351935,7.606,0.0007114764824260262,6555,1.0
Aligarh,45609,Bharti Airtel Ltd. AS for GPRS Service,IN,Uttar Pradesh,27.614373530393184,4.579864640558293,24.339,0.0004461839316388821,6555,0.75914
New York,7018,"AT&T Services, Inc.",US,New York,70.75302347612836,12.57072541403991,1.519,0.0,6554,0.871499
Dallas,54113,Fastly,US,Texas,95.66594460129971,20.006806548838348,0.191,4.132347189437821e-06,6552,0.871499
Appleton,10796,Time Warner Cable Internet LLC,US,Wisconsin,245.24662001142914,20.666007211870188,17.763,4.190762480515125e-05,6550,0.822479
Los Angeles,54113,Fastly,US,California,80.97863696328398,16.49659405783367,0.298,0.0,6550,0.871499
Ankum,44656,HOLOSFIND SRL,DE,Lower Saxony,66.66084931212006,51.30502213462126,18.41,0.0,6548,0.95098
Delhi,4758,National Informatics Centre,IN,National Capital Territory of Delhi,79.56345184700149,42.88016661063783,10.812,0.024820861697167296,6540,0.668022
Santiago,14593,Space Exploration Technologies Corporation,CL,Santiago Metropolitan,53.470908894003685,9.425651887454578,20.827,0.009031180529886825,6539,0.692146
Mumbai,132497,DIGITAL NETWORK ASSOCIATES PRIVATE LIMITED,IN,Maharashtra,38.9231586679148,30.711576680440547,4.735,0.025181913373813574,6538,0.717042
Hamilton,812,Rogers Communications Canada Inc.,CA,Ontario,169.95406591408832,42.20913778352332,29.054,6.999964571257746e-05,6537,0.95098
Kushinagar,38266,Vodafone India Ltd.,IN,Uttar Pradesh,10.446104544902022,2.44491332816988,159.699,0.007551104831936382,6535,0.343712
Etobicoke,812,Rogers Communications Canada Inc.,CA,Ontario,209.74418790097502,30.400964253755767,25.504,9.40682935811399e-06,6530,0.95098
Supaul,45609,Bharti Airtel Ltd. AS for GPRS Service,IN,Bihar,49.50908252818829,5.571821155533263,81.158,0.004475512126280355,6528,0.731362
Manassas,701,"MCI Communications Services, Inc. d/b/a Verizon Business",US,Virginia,291.4625923422432,121.68136881619775,4.469,0.00365266176405823,6521,1.0
Westminster,7922,"Comcast Cable Communications, LLC",US,Colorado,236.25121531136838,35.84250896485262,11.091,0.0005085542115852926,6514,0.95098
Lausanne,15796,Salt Mobile SA,CH,Vaud,30.3509069998301,13.484123719876198,33.292,0.0,6514,0.822479
Racine,10796,Time Warner Cable Internet LLC,US,Wisconsin,236.36717342540535,6.441806306683223,15.792,4.837024731271683e-06,6513,0.773028
Nakhon Ratchasima,17552,"TRUE INTERNET CO., LTD.",TH,Nakhon Ratchasima,26.338675192469687,42.0558045552682,64.389,0.00973729587179227,6511,0.828431
Athens,1241,Forthnet,GR,Attica,57.61144021817891,9.972575672093628,7.891,0.002715567425518009,6511,0.822048
Seville,12430,VODAFONE ESPANA S.A.U.,ES,Andalusia,46.04312556701965,26.163434581997638,25.554,9.049377722448599e-05,6504,0.95098
Pekanbaru,23693,PT. Telekomunikasi Selular,ID,Riau,17.680002723237553,3.118700985220197,9.618,0.0,6493,0.679658
Arlington,21928,"T-Mobile USA, Inc.",US,Massachusetts,61.32286459823949,9.321027862902815,21.971,0.00012779886888793622,6491,0.773028
Laguna Niguel,22773,Cox Communications Inc.,US,California,270.3369393620533,40.162825743183745,7.484,0.0012852453752326613,6487,1.0
Villingen-Schwenningen,3209,Vodafone GmbH,DE,Baden-Wurttemberg,90.35584976106496,14.122504367241703,22.837,0.0,6482,0.822479
Antalya,9121,Turk Telekomunikasyon Anonim Sirketi,TR,Antalya,21.437952257490412,8.638779233571077,82.252,0.05163850264185631,6481,0.319902
Montreal,22652,Fibrenoire Inc.,CA,Quebec,122.70627496596045,93.95892104277117,5.063,0.0011603645240115203,6472,1.0
Dhār,55836,Reliance Jio Infocomm Limited,IN,Madhya Pradesh,42.876563414546915,2.918864088438452,68.11,3.8083012286982346e-05,6470,0.717473
Malang,9341,PT Indonesia Comnets Plus,ID,East Java,9.719319790864558,10.731721229188993,30.095,0.09238310708898945,6469,0.269383
New Delhi,9498,BHARTI Airtel Ltd.,IN,National Capital Territory of Delhi,27.80265068911672,14.016395570487973,16.312,0.049421133273452475,6467,0.539521
Neuss,3209,Vodafone GmbH,DE,North Rhine-Westphalia,84.29134809593552,22.068233081748165,14.388,5.765848022229288e-06,6466,0.822479
Gustavo Adolfo Madero,17072,TOTAL PLAY TELECOMUNICACIONES SA DE CV,MX,Mexico City,85.79230121772403,59.54438510288685,45.899,0.0004909354468104318,6459,0.95098
Naples,29447,ONLINE S.A.S.,IT,Campania,93.27321949142026,75.49270367142343,50.985,0.0,6458,0.909314
Karnāl,17747,SITI NETWORKS LIMITED,IN,Haryana,41.552166377885754,35.34252561523513,10.363,0.03834317910192932,6456,0.668022
Mainz,6805,Telefonica Germany GmbH & Co.OHG,DE,Rheinland-Pfalz,24.980342515340016,8.901437982744207,17.203,0.0,6454,0.644527
Hounslow,13335,"Cloudflare, Inc.",GB,England,54.91289424373325,16.21988842349794,10.489,0.0,6443,0.822479
Algiers,327931,Optimum Telecom Algeria,DZ,Algiers,10.759716859971544,5.868792336708855,66.783,0.002173949865298284,6442,0.60286
Kennewick,20115,Charter Communications,US,Washington,183.8973573953271,12.024295639546482,34.894,5.3576307842321353e-05,6437,0.822479
Barnet,2856,British Telecommunications PLC,GB,England,55.55814967366428,17.51978133833968,6.831,4.56044291021544e-05,6425,0.871499
Atlanta,7018,"AT&T Services, Inc.",US,Georgia,64.63199373222878,15.931140082168174,20.438,0.0,6424,0.822479
Livorno,16232,TELECOM ITALIA SPA,IT,Tuscany,28.80622872336291,4.652902831263012,32.106,3.310114647097701e-05,6420,0.75914
Camberley,206067,Hutchison 3G UK Limited,GB,England,100.88021147335714,4.2225783985364975,1.517,0.0,6419,0.808159
Nicosia,15805,MTN Cyprus Limited,CY,Nicosia,35.693201277891376,15.763790294347144,88.452,0.0013087503323718935,6418,0.780812
Freiburg im Breisgau,3320,Deutsche Telekom AG,DE,Baden-Wurttemberg,49.7935231166527,24.08557846814542,15.919,0.0026312181057453203,6403,0.822479
Boston,55256,Netskope Inc,US,Massachusetts,109.63175703448,22.236199735824993,6.612,0.00019730322193999605,6401,0.871499
Nuremberg,8881,1&1 Versatel Deutschland GmbH,DE,Bavaria,34.84281383219691,10.585347196773085,29.36,5.2936654644275715e-05,6396,0.822479
Montpellier,15557,SFR SA,FR,Occitanie,170.73906875715983,15.588628204692316,14.41,0.0,6394,0.822479
Genoa,30722,Vodafone Italia S.p.A.,IT,Liguria,58.117429193551224,14.68053092663764,10.566,0.0,6389,0.822479
Frankfurt am Main,16509,"Amazon.com, Inc.",DE,Hesse,43.15459900273675,14.838323267069317,20.137,0.004048998573472296,6388,0.822479
Manila,55256,Netskope Inc,PH,Metro Manila,62.72852461857196,14.950153358282387,28.0,0.00019431797076212366,6387,0.822479
Bethlehem,6079,RCN,US,Pennsylvania,190.6891587509756,26.07414257683244,12.762,0.0019633145812083677,6378,0.95098
Alexandria,7922,"Comcast Cable Communications, LLC",US,Indiana,193.52974624803494,34.90957311042131,13.183,0.0003470982603413618,6372,0.95098
Konya,47331,TTNet A.S.,TR,Konya,33.00863292224681,10.780496838710013,94.961,0.061203299116811855,6370,0.497854
Chemnitz,3320,Deutsche Telekom AG,DE,Saxony,48.6392696328566,21.373915312990146,25.098,0.008195603897429113,6368,0.741597
Melbourne,10148,"The University of Melbourne, Melbourne, Victoria",AU,Victoria,33.58856610697094,18.911660503180844,27.956,0.0,6365,0.822479
Tangerang,23700,Linknet-Fastnet ASN,ID,Banten,28.8212806876072,16.02697430558993,11.348,0.013406001267121897,6362,0.539521
Green Bay,2381,WiscNet,US,Wisconsin,49.48031898949128,19.961254045786383,17.275,0.0,6359,0.822479
Irving,11427,Time Warner Cable Internet LLC,US,Texas,223.7292128887799,55.334457575716364,11.505,2.6263211924620697e-05,6357,0.95098
Clifton,6128,Cablevision Systems Corp.,US,New Jersey,250.73689432998987,52.869567895592716,5.797,0.0016429242126959783,6356,1.0
Mapo-gu,17853,LGTELECOM,KR,Seoul,113.16919803162106,16.995820531346016,74.829,0.0,6352,0.780812
Palm Bay,33363,"BRIGHT HOUSE NETWORKS, LLC",US,Florida,214.12611468728147,17.084332127783423,17.259,0.0007981691784698292,6348,0.822479
Tokyo,9605,"NTT DOCOMO, INC.",JP,Tokyo,30.20087401746535,4.7749797983706905,22.515,0.0,6346,0.75914
Denver,136787,TEFINCOM S.A.,US,Colorado,180.4213095726145,22.432616727474024,0.783,0.00022634333408029606,6342,0.871499
Medan,7713,PT Telekomunikasi Indonesia,ID,North Sumatra,8.025959893527833,6.649678830789887,19.938,0.02661856020504314,6341,0.219933
San Luis Potosí City,8151,Uninet S.A. de C.V.,MX,San Luis Potosí,28.4218555117903,21.646886740786435,72.107,0.030859554026287147,6332,0.497854
Middletown,12271,Time Warner Cable Internet LLC,US,New York,162.18721816006854,15.94475430714487,11.903,0.0009703372312081147,6332,0.822479
Stuttgart,8881,1&1 Versatel Deutschland GmbH,DE,Baden-Wurttemberg,30.908526760668735,8.494852684202868,29.902,2.890618053868791e-05,6331,0.773028
Semarang,24203,PT Excelcomindo Pratama (Network Access Provider),ID,Central Java,18.67020978198621,10.348170170128128,27.638,0.00012832933814388756,6329,0.693978
Antalya,20978,AVEA Iletisim Hizmetleri A.S.,TR,Antalya,10.071170858698009,6.7547277281385325,90.333,0.00032428461909640786,6328,0.60286
Toulouse,3215,Orange S.A.,FR,Occitanie,165.15789933444745,79.31044051973609,37.498,0.0,6326,0.95098
Ontario,20001,Time Warner Cable Internet LLC,US,California,210.6046226443375,20.606646596248215,8.991,8.082000867433991e-06,6324,0.871499
Providence,21928,"T-Mobile USA, Inc.",US,Rhode Island,63.233294711587355,7.402163637349053,25.49,0.00022103247499055545,6322,0.773028
Munich,8220,COLT Technology Services Group Limited,DE,Bavaria,39.924291661225965,19.423778420130635,16.304,0.0,6320,0.822479
Haldwani,55836,Reliance Jio Infocomm Limited,IN,Uttarakhand,24.26833594132354,19.84828661909628,37.719,0.05322739667039948,6312,0.41102
Fontana,6167,Cellco Partnership DBA Verizon Wireless,US,California,58.20691158465099,6.015420544159799,24.899,4.836454211238816e-05,6298,0.773028
Sheffield,2856,British Telecommunications PLC,GB,England,72.3962735207453,23.11592713498368,8.386,0.0006053411595588398,6298,0.871499
Friedrichshafen,21263,TeleData GmbH,DE,Baden-Wurttemberg,31.957961052657577,0.42106804187256774,15.38,0.0,6294,0.75914
San Bernardino,20001,Time Warner Cable Internet LLC,US,California,195.7981065854909,20.38936386552672,11.705,2.1358872215948878e-05,6293,0.822479
Lucena City,9299,Philippine Long Distance Telephone Company,PH,Calabarzon,24.52699494709362,16.81944405141534,61.079,0.03478832280414619,6291,0.369353
Berlin,13335,"Cloudflare, Inc.",DE,State of Berlin,52.671466510696476,11.93491244259539,15.502,0.0,6291,0.822479
Achim,3320,Deutsche Telekom AG,DE,Lower Saxony,47.93575147231543,20.650217746298313,24.702,0.018259980025057045,6290,0.539521
Tangerang,24203,PT Excelcomindo Pratama (Network Access Provider),ID,Banten,12.00378352789682,6.177971382202862,19.972,0.00428054705391349,6280,0.644527
Davao City,135607,Infinivan Incorporated,PH,Davao Region,15.710021867554424,9.374776394722451,61.038,0.06956044819669555,6277,0.319902
Da Nang,7552,Viettel Group,VN,Da Nang,34.56081983540158,29.41888384892921,200.982,0.009941605536044555,6277,0.664054
Padua,12874,Fastweb SpA,IT,Veneto,43.8229891372253,14.592455595044848,29.22,0.00026910486855867777,6276,0.822479
San Jose,394161,"Tesla, Inc.",US,California,907.4897409670041,854.2499551750403,4.968,0.00013370455105963424,6270,1.0
Athens,14593,Space Exploration Technologies Corporation,GR,Attica,53.53865174496351,5.8826359568010025,67.118,0.03595519022737736,6270,0.448404
New Delhi,18002,AS Number for Interdomain Routing,IN,National Capital Territory of Delhi,36.04912747718131,24.005513576842976,20.434,0.04157523963506179,6267,0.539521
Sandton,37611,Afrihost (Pty) Ltd,ZA,Gauteng,39.23975267524661,24.331928979957866,5.163,0.003428058631394148,6250,0.871499
Newham,5378,Vodafone Limited,GB,England,123.56273841122741,50.89417985820142,6.448,0.0,6250,1.0
Sammamish,7922,"Comcast Cable Communications, LLC",US,Washington,218.6508981017962,39.013633220179806,10.815,0.0004819458047002232,6250,0.95098
Chennai,45820,Tata Teleservices ISP AS,IN,Tamil Nadu,42.75506688931835,23.424735483809034,6.183,0.005182129989009278,6249,0.790616
Çankaya,9121,Turk Telekomunikasyon Anonim Sirketi,TR,Ankara,23.357430284334637,4.396395308152835,88.144,0.04798450262261576,6246,0.306013
Valencia,57269,DIGI SPAIN TELECOM S.L.U.,ES,Valencia,124.88135381699759,80.57434970705219,19.497,0.008775548901579033,6245,0.870098
Silver Spring,7922,"Comcast Cable Communications, LLC",US,Maryland,119.60379567284495,27.39371235060988,9.736,0.00013494345869080856,6243,1.0
Fairfax,701,"MCI Communications Services, Inc. d/b/a Verizon Business",US,Virginia,214.211418403651,107.17221794613977,5.247,0.0011483336782886285,6228,1.0
Chennai,135845,Krishiinet Infocom Private Limited,IN,Tamil Nadu,51.19612611896415,40.748519879024414,14.0,0.04174998625177034,6225,0.668022
Huntington Beach,20001,Time Warner Cable Internet LLC,US,California,187.71697212149718,11.801688277636412,9.0,2.684618904903999e-05,6225,0.871499
Portsmouth,60377,Heinzelmannchen Ltd.,GB,England,180.49745842033263,128.49583623532033,7.508,0.0035855524121299067,6224,1.0
Allentown,6079,RCN,US,Pennsylvania,157.21442469357916,23.838446017578057,12.695,0.002685322677559629,6223,0.822479
San Luis Obispo,20115,Charter Communications,US,California,248.81958254152485,11.463015127668232,12.726,0.0002884749909299019,6222,0.822479
Bochum,3320,Deutsche Telekom AG,DE,North Rhine-Westphalia,71.20712876696822,23.25516525568422,15.106,0.0,6219,0.822479
Dublin,16509,"Amazon.com, Inc.",IE,Leinster,47.236222440155316,17.387373643905647,18.182,0.004199565358275183,6219,0.822479
Faridabad,9498,BHARTI Airtel Ltd.,IN,Haryana,37.0934203739123,17.292483696895097,18.489,0.04126836602047274,6213,0.539521
Mateur,2609,Tunisia BackBone AS,TN,Bizerte Governorate,11.28566405495353,1.0184024578340962,40.202,0.044360958781420434,6203,0.34768
Nice,15557,SFR SA,FR,Provence-Alpes-Côte d'Azur,147.10659095717685,20.177702068839185,15.048,0.0,6201,0.822479
Tower Hamlets,5378,Vodafone Limited,GB,England,129.84952410357008,51.93040628533423,6.238,0.0,6199,1.0
East Brunswick,7922,"Comcast Cable Communications, LLC",US,New Jersey,159.66928959379362,35.162391772700296,9.804,0.0005596965538569105,6198,1.0
Sheffield,5089,Virgin Media Limited,GB,England,131.51346838989312,33.61720954483192,15.246,0.0037635818797922597,6197,0.95098
Manchester,13335,"Cloudflare, Inc.",GB,England,62.74207296172366,19.354154868824327,11.721,0.0,6196,0.822479
Fulham,35228,Telefonica UK Limited,GB,England,39.243623267871776,2.5714469996775056,4.996,0.0,6195,0.808159
Elmhurst,7922,"Comcast Cable Communications, LLC",US,Illinois,223.34488004333096,41.389935087563344,7.063,3.8510299593429237e-05,6179,1.0
Osaka,13335,"Cloudflare, Inc.",JP,Osaka,66.215419100847,25.291057254304164,7.822,3.567803682698317e-05,6176,1.0
North Vancouver,852,TELUS Communications Inc.,CA,British Columbia,149.90098313436786,101.58032489250931,9.727,0.0014180972566848985,6174,1.0
Celaya,8151,Uninet S.A. de C.V.,MX,Guanajuato,22.623972607328344,16.942992036346986,93.756,0.02637166407160201,6173,0.369353
Pretoria,327782,Metrofibre Networx,ZA,Gauteng,36.829702529116496,30.608791019573363,6.837,0.012071244484950176,6173,0.717042
Surabaya,7713,PT Telekomunikasi Indonesia,ID,East Java,9.542471494452194,6.044756525123102,20.981,0.05128728497935141,6169,0.219933
Valencia,6739,"VODAFONE ONO, S.A.",ES,Valencia,92.76433609921786,47.49467869523109,21.216,0.0016967126486815572,6168,0.95098
Tiruchirappalli,55824,NKN Core Network,IN,Tamil Nadu,50.35466968309865,28.909920483691792,34.899,0.0010641732343947517,6163,0.95098
Tuguegarao City,17639,Converge ICT Solutions Inc.,PH,Cagayan Valley,36.939725847946036,29.030052717504457,40.503,0.0012495813002256716,6156,0.95098
Sfax,37705,TOPNET,TN,Sfax Governorate,10.161414547277225,0.8260585279547134,44.235,0.045686276117302804,6146,0.34768
San Nicolás de los Garza,17072,TOTAL PLAY TELECOMUNICACIONES SA DE CV,MX,Nuevo León,88.51685224061102,35.71583291851419,69.421,0.00017121780691660386,6142,0.909314
Gelsenkirchen,8881,1&1 Versatel Deutschland GmbH,DE,North Rhine-Westphalia,33.96181900689045,6.204740462730458,29.124,0.00015679094268510806,6142,0.773028
Toluca,13999,"Mega Cable, S.A. de C.V.",MX,México,39.183474125897625,15.034654560363188,70.053,0.03776160006010343,6134,0.497854
Manteca,7922,"Comcast Cable Communications, LLC",US,California,171.16186836134216,37.67023271454708,13.501,1.663093123794535e-05,6120,0.95098
Spartanburg,20115,Charter Communications,US,South Carolina,163.2915600631716,10.977679927573606,92.684,0.0,6119,0.780812
Reading,5089,Virgin Media Limited,GB,England,148.22621132244603,31.0143364186791,10.201,0.0013356118016854322,6118,0.95098
Padua,29447,ONLINE S.A.S.,IT,Veneto,98.88465334327658,76.37540440130608,9.392,0.0,6117,1.0
Georgetown,19108,Suddenlink Communications,US,Texas,231.31091470299663,23.44752327856972,10.039,2.521679310665106e-05,6112,0.822479
Jakarta,136119,"PT Bali Towerindo Sentra, Tbk",ID,Jakarta,15.242296445799596,11.345054299342532,31.377,0.05910352005760761,6110,0.41102
Wellington,4771,Spark New Zealand Trading Ltd,NZ,Wellington Region,43.14493823170548,18.131148934340537,19.319,0.0,6107,0.822479
Langley,6327,Shaw Communications Inc.,CA,British Columbia,119.08373546234903,40.58013174357842,16.564,0.0001841242812172767,6093,0.95098
Denver,54113,Fastly,US,Colorado,80.01220042875885,19.3521078087077,0.407,0.0,6091,0.871499
New York,6079,RCN,US,New York,117.80705239975131,26.30217251784032,6.426,0.0003346682389366948,6090,1.0
Colombo,17470,Etisalat Lanka (Pvt) Ltd.,LK,Western Province,2.960130345417208,1.7353047314815453,171.297,0.00012317289761524592,6090,0.282958
Cilacap,7713,PT Telekomunikasi Indonesia,ID,Central Java,17.00222373458223,7.393478099783591,13.978,0.0020480217840288914,6089,0.644527
Mountain View,7922,"Comcast Cable Communications, LLC",US,California,193.6658314115265,33.52538639006574,8.925,3.746922724613179e-05,6088,1.0
Karachi,9541,Cyber Internet Services (Pvt) Ltd.,PK,Sindh,9.111084334184946,11.114411563801731,174.103,0.06593541528634785,6088,0.063339
Mumbai,55410,Vodafone Mobile Services LTD,IN,Maharashtra,39.159749519543766,16.589797386722214,35.775,0.02243182385557988,6084,0.539521
Anderson,20115,Charter Communications,US,California,94.42993687386853,10.798909480981466,21.08,0.0,6082,0.822479
Harlesden,2856,British Telecommunications PLC,GB,England,24.01379903241165,5.02029819241958,25.459,0.00043682418413998667,6078,0.644527
Mahdia,37693,OOREDOO TUNISIE SA,TN,Mahdia Governorate,12.367288736432215,6.456771752915506,59.022,0.0005990403129680003,6075,0.60286
Santos,28573,CLARO S.A.,BR,São Paulo,48.41402467176331,27.94124677410839,130.859,0.0002924114909997305,6074,0.744936
Chihuahua City,8151,Uninet S.A. de C.V.,MX,Chihuahua,23.072679025919275,16.324612427131342,26.548,0.024842660713972665,6072,0.41102
Hillsborough,7922,"Comcast Cable Communications, LLC",US,New Hampshire,138.6353649266523,36.51899226926202,8.309,0.0001924540964803133,6072,1.0
Danville,7922,"Comcast Cable Communications, LLC",US,California,181.7841871979592,35.22357183148618,9.26,2.735596967027551e-05,6072,1.0
Hyderabad,133982,Excitel Broadband Private Limited,IN,Telangana,84.20809089019112,44.34499792367379,19.112,0.016915263726156676,6071,0.668022
Ankara,47524,Turksat Uydu Haberlesme ve Kablo TV Isletme A.S.,TR,Ankara,37.856324499242,6.985035508158682,82.359,0.013166138358071365,6068,0.448404
Maputo,25139,"TVCABO - Comunicacoes Multimedia, Lda.",MZ,Cidade de Maputo,35.0739060669853,10.564486737193768,4.54,0.008151956808170373,6067,0.790616
Liverpool,2856,British Telecommunications PLC,GB,England,88.65126018139372,28.018907297704544,19.655,0.0030659170113321393,6063,0.95098
Cibitung,24203,PT Excelcomindo Pratama (Network Access Provider),ID,West Java,15.670862717294964,8.526616590284133,20.073,0.001992974509201835,6062,0.644527
Atlanta,7922,"Comcast Cable Communications, LLC",US,Georgia,113.98913979170918,29.52253805805194,22.913,0.0018326025999441282,6060,0.95098
Thiruvananthapuram,55836,Reliance Jio Infocomm Limited,IN,Kerala,52.022843297079476,4.309821471605791,26.432,5.525444363142489e-05,6059,0.75914
Costa Mesa,20001,Time Warner Cable Internet LLC,US,California,336.70389383688496,19.19638992866417,9.119,0.0014852942649683954,6059,0.871499
Manchester,13285,TalkTalk Communications Limited,GB,England,57.93964036297102,16.91835147612758,12.247,0.0001587759054750295,6052,0.822479
New Delhi,24186,RailTel Corporation is an Internet Service Provider. It has one of,IN,National Capital Territory of Delhi,30.840013199868,18.312480618798453,19.477,0.04840153865832897,6051,0.539521
Pretoria,20011,Internet Solutions,ZA,Gauteng,39.25407658932951,23.615575807125133,5.759,0.0029854439948293603,6050,0.871499
Kota,9829,National Internet Backbone,IN,Rajasthan,38.581073285920105,11.687669135986658,20.789,0.00507758229712472,6050,0.741597
Medellín,3816,COLOMBIA TELECOMUNICACIONES S.A. ESP,CO,Antioquia,34.83957229851803,21.505378890152247,104.0,0.00497687157002093,6044,0.616435
São José dos Campos,28573,CLARO S.A.,BR,São Paulo,47.284338659477456,23.678067578280935,134.857,0.00013223573659206143,6037,0.616435
Colombo,132447,Hutchison Telecommunications Lanka (Private) Limited,LK,Western Province,3.6534994248596693,1.743710562894371,174.75,0.0,6036,0.282958
Honolulu,36149,"Hawaiian Telcom Services Company, Inc.",US,Hawaii,104.71418311348643,73.46439400514596,95.784,0.00477003438150472,6032,0.909314
Sacramento,14051,"Consolidated Communications, Inc.",US,California,130.4396354077504,94.12238365796591,8.025,0.002247686653185336,6030,1.0
Depok,9341,PT Indonesia Comnets Plus,ID,West Java,15.049729658232602,16.12915119852514,21.0,0.07086830233908496,6029,0.41102
Nepean,812,Rogers Communications Canada Inc.,CA,Ontario,248.47076615516082,37.44419520179455,34.776,2.1600030082950986e-06,6022,0.95098
Verona,3269,Telecom Italia S.p.a.,IT,Veneto,46.301681567073665,18.31803932921052,25.223,0.0007577602110369475,6020,0.822479
Genoa,12874,Fastweb SpA,IT,Liguria,82.04965565183167,48.643355552457805,18.219,0.0009752162098665283,6017,0.95098
Kochi,9829,National Internet Backbone,IN,Kerala,39.44023710862554,25.85525878160258,20.049,0.007648982134769614,6017,0.870098
Hyderabad,9498,BHARTI Airtel Ltd.,IN,Telangana,32.393397251040035,10.921432704968172,20.0,0.03425380432256697,6000,0.539521
McKinney,7018,"AT&T Services, Inc.",US,Texas,205.32240173889548,91.6335329870651,5.976,0.0006576262414269047,5995,1.0
Jodhpur,45184,DEN Digital Entertainment Networks Pvt.Ltd,IN,Rajasthan,29.877786408605797,12.94554443613891,34.576,0.054833226323420255,5987,0.539521
Berkeley,46375,Sonic Telecom LLC,US,California,168.28659228887526,119.58296223624424,5.322,0.0002512273414402932,5977,1.0
Delray Beach,7922,"Comcast Cable Communications, LLC",US,Florida,265.0208772366721,34.847038608619414,11.869,4.1502265054903654e-05,5975,0.95098
Nicosia,35432,Cablenet Communication Systems Ltd,CY,Nicosia,49.41425467163844,19.003118422249933,81.757,0.00050116844992767,5974,0.780812
Rio de Janeiro,22616,"ZSCALER, INC.",BR,Rio de Janeiro,47.876952465670364,29.410994079631003,6.855,0.0,5969,1.0
New Delhi,58762,Candor infosolution Pvt Ltd,IN,National Capital Territory of Delhi,43.327483596467275,26.812993855311674,19.0,0.0038715367116265256,5958,0.95098
Ourinhos,262493,Global Tech Internet Banda Larga EPP - ltda,BR,São Paulo,50.5698352892238,66.65307824716668,22.0,0.0555560982009649,5956,0.668022
Lucknow,135697,Tachyon Communications Pvt Ltd,IN,Uttar Pradesh,53.79082170597495,23.956018959014166,14.384,0.029955881455247524,5956,0.539521
Ludhiana,24560,"Bharti Airtel Ltd., Telemedia Services",IN,Punjab,34.680558165919216,28.037005159294324,16.953,0.08416365594663461,5955,0.668022
Salinas,7922,"Comcast Cable Communications, LLC",US,California,135.1974613561266,34.683661623638784,10.411,3.447843903857553e-05,5954,0.95098
Krakow,5617,Orange Polska Spolka Akcyjna,PL,Lesser Poland,44.72366040980933,20.164920272255127,20.706,0.0,5953,0.822479
Vienna,36183,"Akamai Technologies, Inc.",AT,Vienna,57.236424204998045,14.583085611132594,6.648,6.18517340836511e-06,5953,0.871499
Rennes,3215,Orange S.A.,FR,Brittany,140.28050346817363,108.42047135205615,8.341,1.5789239445091768e-06,5946,1.0
Selçuklu,47524,Turksat Uydu Haberlesme ve Kablo TV Isletme A.S.,TR,Konya,34.904757235572596,6.997753746946689,87.591,0.01927812870918734,5943,0.448404
Hamilton,7992,Cogeco Cable,CA,Ontario,219.58228117971336,30.021902313768635,15.827,0.0011664092804698565,5940,0.95098
Kelowna,852,TELUS Communications Inc.,CA,British Columbia,159.2149188081969,93.40369208867996,19.7,0.0070654926407195656,5940,0.870098
Cuddalore,9829,National Internet Backbone,IN,Tamil Nadu,41.160699971636106,33.143964912070174,16.691,0.0019237578205837911,5930,0.95098
Osnabrück,9145,EWE TEL GmbH,DE,Lower Saxony,40.404118949290734,25.711085449515032,14.934,0.0012164431263455076,5926,0.95098
Milan,55256,Netskope Inc,IT,Lombardy,53.75952740206122,13.043829878922738,0.484,0.0006259166401042647,5925,0.871499
Boston,701,"MCI Communications Services, Inc. d/b/a Verizon Business",US,Massachusetts,243.1742710116892,90.35932197966099,9.42,0.002561320463016579,5921,1.0
Puerto Vallarta,8151,Uninet S.A. de C.V.,MX,Jalisco,38.57892909596475,30.18124377721912,59.688,0.015297251561685052,5920,0.626356
The Bronx,21928,"T-Mobile USA, Inc.",US,New York,59.224899119531585,10.729953958709036,18.261,8.872593974008557e-05,5918,0.822479
Sanford,33363,"BRIGHT HOUSE NETWORKS, LLC",US,Florida,200.78013932487912,29.30666941865786,16.677,4.14077493774805e-06,5914,0.95098
Oujda,36884,Wana Corporate,MA,Oriental,9.687597493747592,0.693335007912587,44.131,0.05562444926953137,5913,0.206044
Mersin,34984,TELLCOM ILETISIM HIZMETLERI A.S.,TR,Mersin,32.784161985529465,7.7549630234914,106.807,0.031752329478910886,5909,0.284026
Arvada,7922,"Comcast Cable Communications, LLC",US,Colorado,208.36104058724655,40.41074980955621,7.392,4.453377269568229e-05,5908,1.0
Aryanah,37492,Orange Tunisie,TN,Ariana Governorate,7.241680521227539,2.071388858000667,46.357,0.033885782938303535,5902,0.206044
Chula Vista,22773,Cox Communications Inc.,US,California,111.29442521020279,28.116850752404392,10.76,0.00035272911182290925,5902,0.95098
Medenine,37705,TOPNET,TN,Medenine Governorate,10.08466236156013,0.8197206004286948,66.127,0.052234257694545254,5898,0.306013
New Delhi,133275,Gigantic Infotel Pvt Ltd,IN,National Capital Territory of Delhi,60.78563495571969,42.29049223983856,6.537,0.00902947236565941,5892,0.919118
Beckedorf,60294,Deutsche Glasfaser Wholesale GmbH,DE,Lower Saxony,58.52489823361651,87.45833439576587,30.54,0.10578153109955102,5890,0.668022
Bilbao,12338,Euskaltel S.A.,ES,Basque Country,140.9410704974843,109.44766714148646,13.474,0.0027802178424449816,5888,0.95098
Kagoshima,4713,NTT Communications Corporation,JP,Kagoshima,84.61909158111146,72.5696645568209,54.0,0.0392130991070733,5888,0.626356
Hounslow,5089,Virgin Media Limited,GB,England,136.25664642043213,26.120363721344834,6.703,5.3399650782510295e-06,5882,1.0
Ambāla,9829,National Internet Backbone,IN,Haryana,31.536302374626388,26.08162108989652,12.888,0.0024303275418709838,5874,0.95098
Aalen,41998,NetCom BW GmbH,DE,Baden-Wurttemberg,42.891915119174286,10.730367547077588,17.514,0.021909747490160177,5869,0.539521
Sofia,29244,TELENOR BULGARIA EAD,BG,Sofia-Capital,50.93389894421946,11.053349771968927,34.009,0.0,5868,0.822479
Cambridge,5089,Virgin Media Limited,GB,England,135.22294399691657,25.52698325968705,13.262,0.0004952876793918526,5865,0.95098
Largo,33363,"BRIGHT HOUSE NETWORKS, LLC",US,Florida,272.05911287310573,17.92719348793186,13.322,0.0027762461045593555,5864,0.822479
Norwich,5607,Sky UK Limited,GB,England,74.23431285230626,28.053496644985838,10.577,0.006641928333875113,5862,0.870098
